group	dataset	id	data_central	theory_central	rep_00001	rep_00002	rep_00003	rep_00004	rep_00005	rep_00006	rep_00007	rep_00008	rep_00009	rep_00010	rep_00011	rep_00012	rep_00013	rep_00014	rep_00015	rep_00016	rep_00017	rep_00018	rep_00019	rep_00020	rep_00021	rep_00022	rep_00023	rep_00024	rep_00025	rep_00026	rep_00027	rep_00028	rep_00029	rep_00030	rep_00031	rep_00032	rep_00033	rep_00034	rep_00035	rep_00036	rep_00037	rep_00038	rep_00039	rep_00040	rep_00041	rep_00042	rep_00043	rep_00044	rep_00045	rep_00046	rep_00047	rep_00048	rep_00049	rep_00050	rep_00051	rep_00052	rep_00053	rep_00054	rep_00055	rep_00056	rep_00057	rep_00058	rep_00059	rep_00060	rep_00061	rep_00062	rep_00063	rep_00064	rep_00065	rep_00066	rep_00067	rep_00068	rep_00069	rep_00070	rep_00071	rep_00072	rep_00073	rep_00074	rep_00075	rep_00076	rep_00077	rep_00078	rep_00079	rep_00080	rep_00081	rep_00082	rep_00083	rep_00084	rep_00085	rep_00086	rep_00087	rep_00088	rep_00089	rep_00090	rep_00091	rep_00092	rep_00093	rep_00094	rep_00095	rep_00096	rep_00097	rep_00098	rep_00099	rep_00100
DIS CC	NTVNBDMNFe_dw	0	11.80452078599	0.0	0.0	0.0	0.0	0.0	0.0	0.0	0.0	0.0	0.0	0.0	0.0	0.0	0.0	0.0	0.0	0.0	0.0	0.0	0.0	0.0	0.0	0.0	0.0	0.0	0.0	0.0	0.0	0.0	0.0	0.0	0.0	0.0	0.0	0.0	0.0	0.0	0.0	0.0	0.0	0.0	0.0	0.0	0.0	0.0	0.0	0.0	0.0	0.0	0.0	0.0	0.0	0.0	0.0	0.0	0.0	0.0	0.0	0.0	0.0	0.0	0.0	0.0	0.0	0.0	0.0	0.0	0.0	0.0	0.0	0.0	0.0	0.0	0.0	0.0	0.0	0.0	0.0	0.0	0.0	0.0	0.0	0.0	0.0	0.0	0.0	0.0	0.0	0.0	0.0	0.0	0.0	0.0	0.0	0.0	0.0	0.0	0.0	0.0	0.0	0.0
DIS CC	NTVNBDMNFe_dw	1	12.16483616888	0.0	0.0	0.0	0.0	0.0	0.0	0.0	0.0	0.0	0.0	0.0	0.0	0.0	0.0	0.0	0.0	0.0	0.0	0.0	0.0	0.0	0.0	0.0	0.0	0.0	0.0	0.0	0.0	0.0	0.0	0.0	0.0	0.0	0.0	0.0	0.0	0.0	0.0	0.0	0.0	0.0	0.0	0.0	0.0	0.0	0.0	0.0	0.0	0.0	0.0	0.0	0.0	0.0	0.0	0.0	0.0	0.0	0.0	0.0	0.0	0.0	0.0	0.0	0.0	0.0	0.0	0.0	0.0	0.0	0.0	0.0	0.0	0.0	0.0	0.0	0.0	0.0	0.0	0.0	0.0	0.0	0.0	0.0	0.0	0.0	0.0	0.0	0.0	0.0	0.0	0.0	0.0	0.0	0.0	0.0	0.0	0.0	0.0	0.0	0.0	0.0
DIS CC	NTVNBDMNFe_dw	2	11.04737081105	6.82324	6.848381	8.012703	6.0173454	4.6159935	5.6593494	8.330368	6.0095196	5.50688	6.4998245	8.370388	7.625393	6.7175293	6.6281815	6.438078	6.696287	6.5507317	7.96043	5.130108	6.4462757	8.331974	4.636402	5.816841	7.184271	7.22703	5.1417236	8.087975	5.812607	6.7771873	6.564436	7.867697	5.6974163	7.7009506	5.00185	9.197968	6.5705376	7.3487415	7.0907974	5.863737	6.442068	7.828871	7.8565865	7.8131714	5.9010715	5.8726997	7.957344	6.193409	7.524664	8.406286	7.347561	6.884119	7.559025	6.97834	7.332821	6.519802	7.3365307	7.098341	6.0429077	7.0344734	8.268934	6.4088974	5.9482784	6.67889	7.8263016	7.2676353	6.202305	7.0907974	6.35635	7.6289387	5.730007	7.119936	7.969887	7.0830956	7.001404	5.9557514	7.440716	7.1547394	7.1986427	6.2331924	7.17725	5.8541145	7.828041	7.0484886	7.7807198	5.76161	6.0231934	7.5700397	6.8876534	7.766136	5.8873653	4.5629826	8.579292	5.1889687	8.082432	7.570513	6.434017	7.325714	5.9849186	6.455288	7.0745544	5.0019817
DIS CC	NTVNBDMNFe_dw	3	8.644196942431	5.2493052	5.131691	5.691455	5.299945	3.7418294	5.006405	7.1309605	4.606571	3.8584433	5.1596494	6.31015	5.6810575	5.427366	4.9149265	4.8861117	4.826452	5.3684597	6.338464	4.432896	5.16455	5.861517	4.067625	4.079682	4.5564265	4.550082	3.8322067	5.6393247	4.6699004	5.995416	4.8624597	5.7227535	4.535651	5.930634	4.061703	6.699233	4.8349442	5.9131355	4.707135	5.050356	5.538116	6.460582	6.014051	6.0345287	4.379473	4.2063375	6.126272	3.986588	5.9684343	6.0752997	5.6040154	4.8515387	5.7665	5.3350825	5.822801	5.3779616	5.4519715	5.617217	4.872271	6.1577682	5.7353806	4.7377067	4.9312873	5.015229	5.992192	5.345642	3.8677197	4.707135	4.675963	5.9613643	4.578169	5.6035876	6.3930616	5.1314206	5.582261	5.036725	5.6790524	5.4470434	5.486517	4.869848	5.4241977	4.2706604	6.1787314	5.007837	6.209352	4.4544754	5.128768	5.8665094	5.0041866	5.969375	4.8879504	3.6553407	7.1078043	4.6384406	5.612959	6.3016734	4.7505245	5.4159636	5.591528	4.9046025	5.0442696	4.533786
DIS CC	NTVNBDMNFe_dw	4	2.552783687296	2.7006137	2.9518394	2.095787	2.8310986	2.6724777	2.5738068	4.110672	2.7248363	1.595892	2.8423328	2.9937458	2.8175774	3.037098	3.202734	2.553257	2.680256	3.051571	2.209015	3.3146935	2.9532356	2.4288807	2.8013802	2.77569	2.7196236	3.650051	2.3520012	2.134426	3.289444	2.774393	1.6235332	2.129818	2.0527973	2.8520622	2.5421295	3.0627003	2.5620632	3.1666985	1.9800091	2.851143	2.1163292	3.958189	3.2030125	3.6102753	2.2325668	2.5809212	3.3861732	2.86545	3.3143482	2.5609722	2.220337	2.5391426	3.078209	2.7049599	2.4655285	3.1042156	3.1435375	2.4063435	2.6700916	3.5519772	2.5210056	1.9466667	2.6674538	2.888565	2.357729	2.4268703	2.441677	1.9800091	2.3635197	2.9640522	3.5164337	2.66432	2.9335308	2.0819397	2.8150616	2.413683	2.3430538	2.4432793	2.415327	2.662859	2.7043629	2.6166801	3.18997	2.1335278	2.7435532	2.1496506	3.1156445	2.2899818	3.0730896	2.5099735	2.2797108	2.0948448	3.154398	3.352974	1.7708797	3.391039	2.5791492	2.4442768	3.0074444	2.6448898	2.4372787	2.857645
DIS CC	NTVNBDMNFe_dw	5	9.165662429768	0.0	0.0	0.0	0.0	0.0	0.0	0.0	0.0	0.0	0.0	0.0	0.0	0.0	0.0	0.0	0.0	0.0	0.0	0.0	0.0	0.0	0.0	0.0	0.0	0.0	0.0	0.0	0.0	0.0	0.0	0.0	0.0	0.0	0.0	0.0	0.0	0.0	0.0	0.0	0.0	0.0	0.0	0.0	0.0	0.0	0.0	0.0	0.0	0.0	0.0	0.0	0.0	0.0	0.0	0.0	0.0	0.0	0.0	0.0	0.0	0.0	0.0	0.0	0.0	0.0	0.0	0.0	0.0	0.0	0.0	0.0	0.0	0.0	0.0	0.0	0.0	0.0	0.0	0.0	0.0	0.0	0.0	0.0	0.0	0.0	0.0	0.0	0.0	0.0	0.0	0.0	0.0	0.0	0.0	0.0	0.0	0.0	0.0	0.0	0.0	0.0
DIS CC	NTVNBDMNFe_dw	6	10.42862087181	9.807802	10.650139	10.4728775	8.939139	7.87805	7.576996	11.202499	9.239536	7.932667	9.156414	11.805199	11.169031	9.850149	10.079531	8.651842	10.453392	9.188708	10.719189	9.205368	8.868405	11.660553	8.685741	9.989246	10.80352	10.890585	8.383251	11.660902	9.4965725	9.025923	8.974589	10.395405	9.176043	10.14954	7.6916304	11.494623	10.248489	10.326275	10.651953	8.739091	8.404822	9.876495	9.959461	11.362221	8.524805	8.736205	10.292011	10.625586	10.447435	11.948862	9.850367	10.521967	10.380419	9.607374	10.120569	9.363146	11.332464	10.317905	9.015997	8.504213	11.133316	9.840775	9.041365	10.21151	10.757832	10.478788	10.668892	10.651953	10.322266	9.737091	9.138418	9.310642	10.828766	9.708603	9.878286	8.08199	9.694202	9.984985	9.703468	8.753452	10.057457	9.033707	10.633337	9.283979	10.742638	8.5393715	9.041964	9.918232	11.5878105	10.469597	8.887087	7.901449	10.818163	8.95579	11.083645	10.251343	9.480864	10.415043	8.940271	9.570862	9.917183	6.6484156
DIS CC	NTVNBDMNFe_dw	7	11.47526161491	8.379919	8.715424	9.168829	7.6130924	6.1366005	6.979845	9.879759	7.256813	7.173168	7.7031765	10.209711	9.430967	8.052774	8.084681	7.792034	8.63497	8.081314	9.433315	6.580414	7.9764423	9.888769	6.7207947	7.834282	9.144411	8.927956	6.9331226	9.6804085	7.553068	8.069855	8.074741	9.189177	7.20142	9.217321	6.52981	10.421476	8.49453	8.952589	8.994955	7.4989853	7.6542187	8.69289	9.090836	9.553448	7.3892727	7.566021	9.060759	8.222778	9.005577	10.102341	8.623287	8.573208	9.12957	8.54464	9.279053	8.1673565	9.234028	8.798431	7.725975	8.087711	9.525118	8.19816	7.4833527	8.449663	9.199961	8.870382	7.9225616	8.994955	8.184845	9.038158	7.5322933	8.493425	9.343578	8.702566	8.50223	7.300066	8.786411	8.746153	8.596054	7.7171707	8.894201	7.545662	9.267902	8.545605	9.275579	7.3690987	7.4393578	8.743803	8.948835	9.074959	7.6669006	6.444063	9.8434925	6.9521294	9.472036	8.913858	7.9370327	8.981213	7.6614933	8.081404	8.326147	6.2876244
DIS CC	NTVNBDMNFe_dw	8	6.036467631028	5.936701	5.905496	6.280039	5.8847284	4.197176	5.521023	7.716357	4.8796473	4.938999	5.5746245	7.196775	6.489105	5.819698	5.468778	5.5915003	5.766616	6.0722246	7.076728	4.6683	5.83011	6.6938453	4.813428	4.9702053	5.5346074	5.460656	4.656377	6.4698505	5.321948	6.5306845	5.6840715	6.442506	5.0352325	6.7022686	4.6028795	7.377781	5.703763	6.587129	5.6056795	5.711109	5.9624834	6.670766	6.637376	6.796675	5.122613	5.1350584	6.6378326	4.9170523	6.556488	6.948169	6.1909046	5.636733	6.4927125	6.0842376	6.817645	6.1317463	6.2312136	6.408249	5.668474	6.5480223	6.5157223	5.6230793	5.42902	5.8076725	6.6329336	6.1310754	4.726016	5.6056795	5.376692	6.6443033	5.308462	6.291904	6.865784	5.978798	6.150352	5.601083	6.4378996	6.2015777	6.1259966	5.5077047	6.312169	5.084815	6.8196187	5.842556	6.872093	5.1450057	5.6180806	6.4382086	5.6814528	6.4943438	5.6271	4.470303	7.5632806	5.2570057	6.355572	6.774776	5.446068	6.2362885	5.9844065	5.5941124	5.741748	4.972967
DIS CC	NTVNBDMNFe_dw	9	3.094278990413	2.6049032	2.8191862	1.9735947	2.8791342	2.2810202	2.5144653	3.9982324	2.4799414	1.4762917	2.5615244	3.0270061	2.788478	2.834588	2.8365793	2.2409878	2.4650326	2.8835487	2.415597	2.9806223	2.8592873	2.3842802	2.6306982	2.3994455	2.5348501	2.9552898	2.1739264	2.275753	3.1125422	2.925004	1.7758646	2.171504	2.0640287	2.8274355	2.367467	2.92163	2.2865667	3.1181679	1.6304531	2.8400087	2.3660793	3.9570537	3.1710043	3.362728	2.0836163	2.2378435	3.1049404	2.6558523	3.2147303	2.587634	2.2335825	2.4242887	2.8144302	2.519744	2.4352303	3.0606384	2.911365	2.4272957	2.4317818	3.3079758	2.4953318	1.9457674	2.5514288	2.7481585	2.4979439	2.4789906	2.1844645	1.6304531	2.2524595	2.8643913	3.2650928	2.7824154	3.0103884	2.0523815	2.81855	2.3949757	2.4103622	2.5269156	2.3427734	2.585661	2.6071014	2.4664545	3.342105	2.0782108	2.8132057	2.073166	3.009099	2.4192934	3.034772	2.5177746	2.3098774	2.1106777	3.1809711	3.3147278	1.7878313	3.286724	2.2459917	2.5543928	2.9341545	2.5633993	2.3432846	2.6403675
DIS CC	NTVNBDMNFe_dw	10	9.447763494494	0.0	0.0	0.0	0.0	0.0	0.0	0.0	0.0	0.0	0.0	0.0	0.0	0.0	0.0	0.0	0.0	0.0	0.0	0.0	0.0	0.0	0.0	0.0	0.0	0.0	0.0	0.0	0.0	0.0	0.0	0.0	0.0	0.0	0.0	0.0	0.0	0.0	0.0	0.0	0.0	0.0	0.0	0.0	0.0	0.0	0.0	0.0	0.0	0.0	0.0	0.0	0.0	0.0	0.0	0.0	0.0	0.0	0.0	0.0	0.0	0.0	0.0	0.0	0.0	0.0	0.0	0.0	0.0	0.0	0.0	0.0	0.0	0.0	0.0	0.0	0.0	0.0	0.0	0.0	0.0	0.0	0.0	0.0	0.0	0.0	0.0	0.0	0.0	0.0	0.0	0.0	0.0	0.0	0.0	0.0	0.0	0.0	0.0	0.0	0.0	0.0
DIS CC	NTVNBDMNFe_dw	11	8.515955716326	10.313269	11.289005	10.618134	9.784126	8.433456	8.08836	11.806793	9.752655	8.543739	9.33353	12.385757	11.8002205	10.330582	10.545551	8.958534	11.048737	9.735317	11.333168	9.95195	9.364967	12.093899	9.580143	10.6923485	11.252743	11.048363	8.954826	12.13694	10.119083	9.576019	9.553078	10.798996	9.900234	10.502476	8.202705	11.580872	10.925648	10.872547	11.194065	9.443813	8.921326	10.159687	10.198788	11.875858	8.880585	9.149548	10.364967	11.188175	10.855621	12.37331	10.174919	11.030544	10.808907	9.960388	10.58873	10.119659	11.979504	11.042007	9.700993	8.702282	11.262131	10.476734	9.612511	10.875504	11.20689	11.113567	11.035679	11.194065	10.958977	10.123402	9.744816	9.7949295	11.219875	10.17712	10.346607	8.565289	10.122086	10.489944	10.096638	9.262508	10.548473	9.60532	11.194992	9.518623	11.253807	9.152168	9.733944	10.549362	12.3197975	10.820412	9.508255	8.64896	11.257099	9.764175	11.556675	10.728481	9.887337	10.98703	9.619595	10.162891	10.087048	7.1338882
DIS CC	NTVNBDMNFe_dw	12	7.953596834122	8.59639	9.047903	9.1999035	7.903654	6.3775005	7.1388054	10.096172	7.335104	7.4556885	7.7806416	10.5114155	9.723982	8.190241	8.241451	7.916542	8.990721	8.311029	9.63862	6.807188	8.179962	10.077215	7.2176647	8.224007	9.423422	9.122683	7.2540264	9.895514	7.875839	8.2435665	8.273067	9.293951	7.437456	9.395668	6.7415104	10.447519	8.852156	9.194714	9.287506	7.8073635	7.770355	8.637606	9.142099	9.832493	7.5817223	7.8357315	9.071276	8.608269	9.17868	10.34454	8.731792	8.821648	9.325346	8.744368	9.65744	8.454493	9.573833	9.094881	8.021563	8.117203	9.5880375	8.525509	7.718754	8.740974	9.341164	9.10581	8.194212	9.287506	8.513874	9.171185	7.8600197	8.632923	9.476782	8.915926	8.692862	7.4753304	8.91626	8.974466	8.743374	7.899561	9.16321	7.8151417	9.437538	8.688433	9.481419	7.6103573	7.6518764	8.824394	9.32954	9.178108	7.9993687	6.8360615	9.934729	7.32428	9.597599	9.057394	8.128624	9.220755	7.9718056	8.325781	8.416618	6.4146442
DIS CC	NTVNBDMNFe_dw	13	7.045061694462	5.949899	5.968689	6.231472	5.882184	4.1423883	5.471547	7.6721115	4.7378025	5.089074	5.4735146	7.275201	6.546488	5.7144423	5.4191885	5.58638	5.873438	6.0899544	7.0899878	4.5328913	5.84367	6.7442484	4.8920517	5.071575	5.6668215	5.5279837	4.7396355	6.5413885	5.361232	6.4857407	5.7475586	6.4493713	4.995781	6.737136	4.583935	7.354003	5.779482	6.600155	5.6532774	5.732915	5.8963127	6.531911	6.6181307	6.8306904	5.151973	5.229665	6.5580044	5.063384	6.536461	7.012432	6.1585197	5.6951685	6.4970665	6.098296	6.9251575	6.1827116	6.285387	6.4567976	5.720171	6.4325714	6.545927	5.71074	5.3912935	5.8566628	6.6267405	6.1848774	4.8222075	5.6532774	5.4096193	6.6378202	5.364911	6.296315	6.7984076	6.042362	6.1250067	5.580261	6.4654675	6.249095	6.1069746	5.509387	6.397814	5.1633797	6.828166	5.895584	6.8633156	5.169593	5.5750217	6.402029	5.721529	6.438822	5.6732264	4.5677185	7.4575596	5.289424	6.365549	6.6924534	5.4490223	6.3090534	5.886591	5.623952	5.7623873	4.8946905
DIS CC	NTVNBDMNFe_dw	14	2.474287437295	2.4387314	2.6321049	1.783289	2.748643	1.9776907	2.3496284	3.7964506	2.2643328	1.3352289	2.3025312	2.9035444	2.6552725	2.6235971	2.5541782	1.9801378	2.2491598	2.6559343	2.3635836	2.7057695	2.7039948	2.2410002	2.4346914	2.1088934	2.359007	2.5795174	1.9973125	2.215191	2.8953104	2.861699	1.7320671	2.0585184	1.9477425	2.677743	2.1663647	2.7321768	2.050951	2.9533978	1.3759956	2.7055483	2.3384018	3.8292198	3.0455875	3.1083355	1.9151592	1.9712534	2.8374224	2.476406	3.0389223	2.4899302	2.1030893	2.2787228	2.5612803	2.3071537	2.3048	2.9258652	2.6780672	2.294382	2.1878662	3.0601482	2.374937	1.8270121	2.3448124	2.5857325	2.4171286	2.378726	1.9507504	1.3759956	2.082409	2.708784	3.0532532	2.7307816	2.9002514	1.9205217	2.6974878	2.2272453	2.3033228	2.459959	2.193284	2.4299955	2.4271975	2.295394	3.2751436	1.9589872	2.697938	1.9286327	2.8215132	2.3507376	2.9078999	2.3899317	2.1694613	2.0360584	3.0567112	3.1707296	1.667098	3.1011124	1.967596	2.4981976	2.7635765	2.4118252	2.1719408	2.412795
DIS CC	NTVNBDMNFe_dw	15	14.98324109043	0.0	0.0	0.0	0.0	0.0	0.0	0.0	0.0	0.0	0.0	0.0	0.0	0.0	0.0	0.0	0.0	0.0	0.0	0.0	0.0	0.0	0.0	0.0	0.0	0.0	0.0	0.0	0.0	0.0	0.0	0.0	0.0	0.0	0.0	0.0	0.0	0.0	0.0	0.0	0.0	0.0	0.0	0.0	0.0	0.0	0.0	0.0	0.0	0.0	0.0	0.0	0.0	0.0	0.0	0.0	0.0	0.0	0.0	0.0	0.0	0.0	0.0	0.0	0.0	0.0	0.0	0.0	0.0	0.0	0.0	0.0	0.0	0.0	0.0	0.0	0.0	0.0	0.0	0.0	0.0	0.0	0.0	0.0	0.0	0.0	0.0	0.0	0.0	0.0	0.0	0.0	0.0	0.0	0.0	0.0	0.0	0.0	0.0	0.0	0.0	0.0
DIS CC	NTVNBDMNFe_dw	16	14.49534689162	13.164197	14.070869	14.055332	12.05286	11.148094	10.586672	14.6872635	12.853875	10.83774	12.736141	15.256136	14.680216	13.4292145	13.66943	11.819132	13.808502	12.379339	14.119213	12.931763	12.0165615	15.250641	11.8156185	13.33799	14.175238	14.538687	11.500427	15.306213	12.869255	12.24773	12.069153	13.843311	12.606131	13.457928	10.761333	15.155181	13.534164	13.695431	13.945562	11.849346	11.522118	13.549387	13.393316	14.89093	11.729412	11.868624	14.02037	14.098101	13.919163	15.594776	13.30607	14.07066	13.768063	12.8618145	13.174952	12.543812	14.856998	13.602386	12.175858	11.773586	14.906631	13.097496	12.339575	13.577997	14.298286	13.9005165	14.574417	13.945562	13.777998	12.984535	12.391085	12.530363	14.413334	12.89616	13.280586	11.179905	12.973299	13.292084	13.012098	11.910946	13.294371	12.261642	14.069422	12.472265	14.214088	11.630157	12.401228	13.317484	15.167873	14.045862	12.046034	10.908991	14.235704	12.251503	14.599184	13.729353	12.872524	13.786884	12.067999	12.874302	13.553235	9.51856
DIS CC	NTVNBDMNFe_dw	17	14.22932346621	10.546978	10.906718	11.555708	9.590378	8.181824	8.960344	12.116018	9.669209	9.008648	9.950647	12.44408	11.682772	10.313824	10.402561	9.884118	10.730059	10.143938	11.60832	8.813213	10.070278	12.231229	8.545864	9.945145	11.429963	11.314508	8.910893	12.037854	9.612797	10.090111	10.14628	11.504599	9.346806	11.411272	8.573862	12.90654	10.563746	11.095915	11.208103	9.439192	9.752932	11.185921	11.436651	11.768602	9.435932	9.563126	11.460487	10.424369	11.2747135	12.391037	10.8650055	10.824568	11.354393	10.685074	11.182781	10.161023	11.466505	10.853704	9.65943	10.256344	11.931794	10.241049	9.6031475	10.588465	11.511761	11.084925	10.218849	11.208103	10.359446	11.257891	9.572651	10.664627	11.708427	10.857696	10.703938	9.312447	10.954535	10.895212	10.796506	9.831482	11.004764	9.626527	11.566818	10.729841	11.505359	9.411383	9.539232	11.006349	11.279726	11.427902	9.634199	8.309869	12.121298	8.855378	11.848851	11.129921	10.097969	11.192208	9.669066	10.233114	10.602316	8.252794
DIS CC	NTVNBDMNFe_dw	18	8.318414332213	7.211849	7.16154	7.6945934	7.04486	5.4276795	6.7438397	9.080454	6.3252044	6.0483365	6.9450626	8.495782	7.787287	7.203165	6.85785	6.9002953	6.9970922	7.3037996	8.34645	5.986474	7.078149	8.042822	5.8646774	6.192536	6.8486595	6.89097	5.809388	7.753147	6.4832854	7.745477	6.8809385	7.7786326	6.266007	7.9965506	5.8283644	8.8341	6.947739	7.831622	7.035469	6.863168	7.189356	8.033611	7.997157	8.101786	6.356327	6.328108	8.066718	6.080961	7.893163	8.273775	7.507469	6.9170756	7.851809	7.4071593	8.018885	7.3069987	7.523675	7.622202	6.8492646	7.905809	7.8718224	6.812734	6.676556	7.0803223	7.9426913	7.387037	5.9438105	7.035469	6.61988	7.9935875	6.4949756	7.5749006	8.233421	7.2522907	7.4450626	6.788356	7.698333	7.4284387	7.4557056	6.757416	7.542118	6.26762	8.08631	7.1452475	8.179657	6.3727493	6.831041	7.7428827	6.9752107	7.873454	6.7870226	5.5485115	9.00304	6.3614635	7.7217464	8.136449	6.751583	7.4769335	7.2836018	6.8353806	6.989192	6.2280817
DIS CC	NTVNBDMNFe_dw	19	3.057289948749	3.2590835	3.484635	2.7099147	3.5251048	3.1007004	3.1909897	4.7663193	3.1545744	2.0623236	3.3572154	3.6693995	3.3771489	3.537455	3.6454067	3.061267	3.2002344	3.6650422	2.9934945	3.7406967	3.4645472	3.0398042	3.2910008	3.213471	3.0836246	3.7747319	2.7982264	2.8088973	3.7905164	3.4640923	2.2675874	2.8132863	2.6403608	3.487617	3.02078	3.6334877	3.0607553	3.7811563	2.414501	3.4374893	2.863473	4.4807434	3.7329264	4.155019	2.7296147	3.029078	3.9328725	3.211977	3.8733199	3.144241	2.8659806	2.9889023	3.6202502	3.2793183	3.0647323	3.6441932	3.6456542	3.099212	3.233253	4.1018543	3.0773995	2.5578623	3.2906868	3.3800545	3.0744636	3.0385835	2.9195065	2.414501	2.896482	3.4960968	3.8643296	3.2605782	3.6435354	2.670591	3.383434	3.115588	3.0242128	3.0078254	2.9781165	3.1997838	3.2997084	3.085155	3.8895483	2.6435227	3.4911273	2.6749058	3.700797	2.9584453	3.556935	3.1303947	2.9935033	2.5659363	3.8080075	3.8777533	2.438303	3.9991853	3.0881488	3.0113382	3.6387913	3.1544785	3.0141287	3.3701534
DIS CC	NTVNBDMNFe_dw	20	18.41657871484	0.0	0.0	0.0	0.0	0.0	0.0	0.0	0.0	0.0	0.0	0.0	0.0	0.0	0.0	0.0	0.0	0.0	0.0	0.0	0.0	0.0	0.0	0.0	0.0	0.0	0.0	0.0	0.0	0.0	0.0	0.0	0.0	0.0	0.0	0.0	0.0	0.0	0.0	0.0	0.0	0.0	0.0	0.0	0.0	0.0	0.0	0.0	0.0	0.0	0.0	0.0	0.0	0.0	0.0	0.0	0.0	0.0	0.0	0.0	0.0	0.0	0.0	0.0	0.0	0.0	0.0	0.0	0.0	0.0	0.0	0.0	0.0	0.0	0.0	0.0	0.0	0.0	0.0	0.0	0.0	0.0	0.0	0.0	0.0	0.0	0.0	0.0	0.0	0.0	0.0	0.0	0.0	0.0	0.0	0.0	0.0	0.0	0.0	0.0	0.0	0.0
DIS CC	NTVNBDMNFe_dw	21	14.48913471943	15.289703	16.408379	15.589636	14.71302	13.300297	12.712479	17.00305	14.94846	13.140623	14.295832	17.545862	17.05602	15.479054	15.711274	13.588222	16.08361	14.556237	16.455593	15.383612	14.13266	17.274223	14.560205	15.777077	16.218695	16.072567	13.687383	17.409693	15.155746	14.445334	14.328318	15.819689	15.074929	15.360807	12.843928	16.645823	15.930968	15.906771	16.123917	14.298147	13.63655	15.327572	15.096249	17.03746	13.569927	13.819178	15.4632015	16.316887	15.876203	17.628265	15.154968	16.21856	15.804949	14.723679	15.260639	15.117392	17.231272	16.060453	14.62995	13.399506	16.449411	15.428462	14.549187	15.976906	16.306278	16.286982	16.480001	16.123917	16.101868	14.964582	14.653124	14.615231	16.350838	14.986374	15.356459	13.280889	14.9941635	15.440656	14.9100275	14.028236	15.4218	14.4855385	16.30248	14.164219	16.357395	13.917003	14.793606	15.716284	17.644817	15.936132	14.377676	13.426329	16.293438	14.824708	16.664574	15.799032	14.812012	16.06468	14.434435	15.159735	15.1000805	11.579786
DIS CC	NTVNBDMNFe_dw	22	11.33342174343	11.502681	12.04949	12.183901	10.69861	9.147868	9.851611	13.109123	10.3807	10.106505	10.664045	13.541357	12.765273	11.126371	11.236831	10.6907	11.907909	11.152993	12.589285	9.774694	11.006986	13.134343	9.97677	11.177741	12.433944	12.185405	10.035902	12.984087	10.732235	11.014487	11.0850935	12.281702	10.334629	12.313486	9.518181	13.538838	11.738977	12.087246	12.261934	10.566699	10.565363	11.685451	12.124927	12.8173065	10.336565	10.595419	12.074284	11.598147	12.167254	13.383347	11.641878	11.822119	12.276	11.611555	12.422756	11.256155	12.611718	11.964329	10.766381	10.932269	12.628875	11.3901	10.59576	11.656653	12.369476	12.071776	11.216852	12.261934	11.470731	12.090916	10.709016	11.50754	12.527504	11.810438	11.610836	10.217667	11.786429	11.866167	11.636188	10.719706	12.063768	10.657167	12.44846	11.552974	12.465113	10.414035	10.496316	11.757634	12.44912	12.202383	10.801221	9.570458	12.883312	10.085996	12.6474695	11.963185	11.005684	12.19424	10.788552	11.227045	11.333759	9.0764
DIS CC	NTVNBDMNFe_dw	23	9.777395317494	7.4485307	7.4880457	7.786846	7.2941637	5.559202	6.8974533	9.2512665	6.3047314	6.498891	6.991109	8.836881	8.089924	7.245846	6.987026	7.097886	7.3845243	7.571436	8.58801	6.0057917	7.3194036	8.31451	6.2522135	6.5831804	7.2555485	7.1754036	6.1753864	8.069939	6.7869444	7.9037447	7.1964045	7.9862432	6.426737	8.2659	6.0319843	8.974977	7.2831297	8.079546	7.2793694	7.1266003	7.314681	8.031901	8.178497	8.376917	6.608284	6.690384	8.140956	6.5254917	8.083989	8.574438	7.650565	7.217431	8.060559	7.637827	8.40281	7.6165504	7.823043	7.9324512	7.157959	7.941086	8.108084	7.1700306	6.8487616	7.3741493	8.159183	7.677885	6.305663	7.2793694	6.887849	8.1820965	6.8223915	7.798608	8.348481	7.5581894	7.6226206	6.9829206	7.9578934	7.715886	7.6234913	6.979969	7.90178	6.6151247	8.33272	7.423912	8.385507	6.6300077	7.000203	7.8807726	7.266428	7.987176	7.104227	5.9368925	9.030894	6.6722994	7.923006	8.219175	6.962785	7.8113565	7.3610096	7.095133	7.24018	6.337023
DIS CC	NTVNBDMNFe_dw	24	3.451094979152	2.9723227	3.1687756	2.358118	3.2842665	2.5873232	2.8951015	4.396387	2.7996788	1.8293228	2.8957539	3.4473066	3.1553812	3.1711845	3.174879	2.600563	2.8321571	3.2602386	2.8719196	3.2790613	3.205326	2.786026	2.945282	2.7237854	2.8219929	3.1847448	2.5112133	2.7052765	3.4285603	3.3422241	2.1900043	2.6050014	2.4357643	3.2225723	2.6832218	3.2923298	2.6411705	3.4885445	1.9782448	3.2187977	2.7840996	4.2701435	3.53096	3.7146873	2.4555664	2.5886612	3.4615421	2.9441853	3.5598106	2.972063	2.6229439	2.752163	3.1766148	2.9095755	2.8195362	3.4222317	3.2435446	2.8437576	2.7971373	3.650835	2.8768597	2.3524227	2.9174519	3.1198692	2.9111147	2.8807564	2.546568	1.9782448	2.604351	3.224905	3.5343647	3.1941738	3.429737	2.4386673	3.1715822	2.8020697	2.8301163	2.8939304	2.7168064	2.9443798	2.9817314	2.8157501	3.7783394	2.447441	3.272481	2.4271812	3.3794355	2.8331785	3.3676844	2.8897495	2.7238846	2.4676876	3.5678759	3.6511831	2.21385	3.666401	2.597561	2.9255257	3.323679	2.9042892	2.711319	2.9801235
DIS CC	NTVNBDMNFe_dw	25	11.17874467445	14.856595	16.002096	13.636386	16.067076	14.219185	12.558028	16.72945	15.533396	12.967894	13.642017	16.848993	16.034027	16.222046	17.158669	12.979711	15.821099	13.754247	16.012512	16.74084	12.988417	16.562103	15.862819	16.246788	14.505391	13.518685	12.180073	17.046352	16.324707	14.835563	13.844052	14.098483	16.856287	13.56529	12.438026	13.9774475	15.748645	15.929972	13.903641	14.606618	12.516933	14.76642	12.82033	17.052177	12.410501	12.395164	14.340132	16.1192	15.0583105	16.721209	14.419163	16.399546	15.279508	12.532792	12.531739	16.62095	17.215906	15.988438	17.801558	11.917485	15.920372	15.174134	15.096019	17.597057	14.495279	16.89256	17.41252	13.903641	15.915926	13.282576	14.209212	13.0350685	15.178747	13.70438	15.253966	13.035967	14.247595	14.836939	11.611509	13.490167	13.990042	14.584511	15.655665	11.479563	15.491457	14.167497	15.462518	18.022861	17.403788	14.808388	13.675479	14.010678	16.75522	17.65528	14.998405	15.557555	14.198887	16.208916	13.33263	15.505902	14.173587	11.353116
DIS CC	NTVNBDMNFe_dw	26	15.54014675025	15.330431	16.505953	15.384548	14.982393	13.359121	12.789007	17.10724	14.917934	13.30265	14.105843	17.64858	17.167091	15.475929	15.699545	13.523489	16.185059	14.620863	16.570019	15.486301	14.191425	17.253332	14.852772	15.919413	16.228184	15.844559	13.756809	17.404676	15.261566	14.543512	14.4486065	15.783531	15.231407	15.325954	12.87985	16.41532	16.08709	16.001032	16.181915	14.492075	13.686895	15.193497	14.958286	17.086224	13.529415	13.821632	15.21599	16.376188	15.832195	17.619963	15.088682	16.245255	15.818823	14.67478	15.338776	15.370056	17.344633	16.234442	14.856584	13.262365	16.2356	15.552542	14.615345	16.140873	16.255295	16.42855	16.38857	16.181915	16.201153	14.960573	14.745771	14.649509	16.285624	15.028259	15.382023	13.343639	15.011599	15.503731	14.853544	14.09009	15.471769	14.576139	16.368113	14.05727	16.386889	14.040964	14.931328	15.878225	17.783272	15.853781	14.512989	13.639355	16.336498	15.060457	16.64749	15.826483	14.778318	16.160387	14.579582	15.26738	14.897678	11.644972
DIS CC	NTVNBDMNFe_dw	27	10.29748333133	11.379765	11.985468	11.91622	10.664492	9.048229	9.732088	12.992643	10.129059	10.074226	10.444105	13.458319	12.674553	10.942957	11.044832	10.5151005	11.867472	11.062265	12.483208	9.655914	10.885061	12.96887	10.076853	11.148966	12.288446	11.984127	9.991062	12.83712	10.689871	10.91868	10.966412	12.075882	10.234903	12.164291	9.396936	13.256336	11.701866	11.987799	12.144218	10.550222	10.407661	11.374647	11.878262	12.723183	10.20763	10.51692	11.799173	11.551153	12.005339	13.259035	11.452402	11.699608	12.127617	11.472614	12.435232	11.216906	12.5465355	11.913731	10.730236	10.711943	12.3853855	11.353256	10.4930725	11.57513	12.191797	11.960844	11.097061	12.144218	11.403446	11.913488	10.666866	11.343027	12.33016	11.678387	11.467852	10.106899	11.620892	11.755718	11.465271	10.576515	11.980089	10.570255	12.290575	11.366491	12.342052	10.317104	10.396759	11.56365	12.3742485	11.990019	10.77965	9.59976	12.681562	10.110104	12.439095	11.799088	10.861488	12.081171	10.747816	11.121424	11.120947	8.924929
DIS CC	NTVNBDMNFe_dw	28	7.557912070838	7.2380047	7.3143816	7.503625	7.108637	5.3209276	6.666112	8.998144	5.9905596	6.377243	6.6971292	8.653474	7.899843	6.9544888	6.719363	6.8576584	7.2259216	7.370759	8.376236	5.724169	7.1190176	8.102661	6.128211	6.427294	7.097969	6.9487734	6.0277615	7.891217	6.6238737	7.6796436	7.025647	7.7552567	6.205634	8.059956	5.821603	8.70062	7.102726	7.8752737	7.0312996	6.9491377	7.0846214	7.7502985	7.9404964	8.167415	6.407305	6.524538	7.845517	6.4127817	7.8518867	8.37383	7.403246	7.0332966	7.8185806	7.4080696	8.239032	7.4510202	7.630584	7.750081	6.9776525	7.6465025	7.8857975	7.010248	6.6235256	7.182292	7.938796	7.4933233	6.148739	7.0312996	6.6943836	7.9437838	6.6620646	7.587161	8.087378	7.3676443	7.3929443	6.771056	7.753479	7.536212	7.38078	6.770441	7.733658	6.460497	8.135562	7.221301	8.157781	6.437166	6.782341	7.6411877	7.080455	7.7226486	6.933895	5.81946	8.720505	6.524329	7.6844797	7.9412746	6.7306414	7.6456213	7.09077	6.904605	7.0378904	6.083829
DIS CC	NTVNBDMNFe_dw	29	3.263312021879	2.7324228	2.912819	2.0838957	3.0550976	2.2377043	2.6454868	4.101156	2.5356693	1.632988	2.5747728	3.2274542	2.944437	2.898569	2.8458652	2.2799883	2.5526237	2.9496841	2.700799	2.9581156	2.9844599	2.5581942	2.6908016	2.3869495	2.610364	2.8235855	2.28403	2.5462255	3.1509008	3.1767406	2.0542984	2.3947468	2.239912	2.9837074	2.4260569	3.0247717	2.3484774	3.2381058	1.678277	3.0006418	2.6441317	4.0685854	3.333582	3.3898287	2.2275038	2.2722597	3.1240788	2.7342777	3.3094625	2.7937717	2.40141	2.5525312	2.8527641	2.6244564	2.6090813	3.2147675	2.9450731	2.6081076	2.477703	3.3306437	2.6814528	2.1493263	2.623848	2.8987684	2.7239513	2.6936483	2.258277	1.678277	2.3657436	2.9978342	3.2870235	3.0585775	3.2155733	2.227683	2.9746838	2.534153	2.6244059	2.7490616	2.4895658	2.7192583	2.721384	2.5879354	3.609745	2.2635489	3.0475159	2.2150106	3.111597	2.6657658	3.182806	2.673644	2.4852886	2.3334856	3.3499975	3.4385128	1.9972782	3.400137	2.257739	2.7914524	3.0673838	2.685135	2.4636946	2.6897316
DIS CC	NTVNBDMNFe_dw	30	16.38439037189	0.0	0.0	0.0	0.0	0.0	0.0	0.0	0.0	0.0	0.0	0.0	0.0	0.0	0.0	0.0	0.0	0.0	0.0	0.0	0.0	0.0	0.0	0.0	0.0	0.0	0.0	0.0	0.0	0.0	0.0	0.0	0.0	0.0	0.0	0.0	0.0	0.0	0.0	0.0	0.0	0.0	0.0	0.0	0.0	0.0	0.0	0.0	0.0	0.0	0.0	0.0	0.0	0.0	0.0	0.0	0.0	0.0	0.0	0.0	0.0	0.0	0.0	0.0	0.0	0.0	0.0	0.0	0.0	0.0	0.0	0.0	0.0	0.0	0.0	0.0	0.0	0.0	0.0	0.0	0.0	0.0	0.0	0.0	0.0	0.0	0.0	0.0	0.0	0.0	0.0	0.0	0.0	0.0	0.0	0.0	0.0	0.0	0.0	0.0	0.0	0.0
DIS CC	NTVNBDMNFe_dw	31	16.70186367728	17.53647	18.636263	18.101528	16.704807	15.515326	14.77621	19.275131	17.411844	15.08224	16.828081	19.77355	19.32254	17.892546	18.140232	15.808105	18.275414	16.703085	18.674824	17.828072	16.257027	19.665815	16.536339	17.95407	18.462025	18.619213	15.785917	19.825413	17.37851	16.601517	16.390333	18.15771	17.318075	17.614193	14.955677	19.204773	18.04836	18.121246	18.289352	16.321991	15.758938	17.88171	17.495338	19.353886	15.785679	15.960999	18.105822	18.594376	18.231009	20.040878	17.527092	18.581404	18.080141	16.954758	17.27181	17.156662	19.501875	18.171638	16.690285	15.728749	19.085897	17.55832	16.761454	18.161345	18.698837	18.513153	19.122189	18.289352	18.351788	17.177288	16.80859	16.789463	18.77724	17.129322	17.639942	15.396542	17.222507	17.63684	17.165718	16.161625	17.583738	16.638905	18.572132	16.39533	18.660795	15.978881	16.999783	17.94952	19.921623	18.376877	16.461355	15.391518	18.574581	16.948433	19.013382	18.122105	17.131447	18.285065	16.47837	17.342415	17.659342	13.583794
DIS CC	NTVNBDMNFe_dw	32	11.44685886144	12.940291	13.455093	13.826948	11.990983	10.539503	11.2078705	14.572109	12.07928	11.301145	12.227098	14.957569	14.213603	12.673865	12.818469	12.123837	13.237442	12.51821	14.012519	11.303461	12.404547	14.674239	11.096756	12.525437	13.919778	13.779151	11.328436	14.524909	12.068846	12.366224	12.46431	13.84806	11.775204	13.765416	10.911762	15.227806	13.053989	13.486145	13.70018	11.823521	12.003241	13.44553	13.736136	14.244253	11.717069	11.907656	13.740863	12.991835	13.681853	14.859466	13.163027	13.301112	13.749754	13.03661	13.588559	12.545452	14.033381	13.285815	12.02216	12.446866	14.263593	12.699379	12.013138	13.049067	13.920916	13.522866	12.730443	13.70018	12.876293	13.581995	12.031992	12.975653	14.118896	13.232145	13.080296	11.577747	13.245881	13.273007	13.119734	12.148256	13.427943	12.029217	13.977935	13.024859	13.933202	11.775404	11.909671	13.303235	13.936922	13.7991295	12.066225	10.762056	14.419792	11.306317	14.246365	13.4564495	12.458879	13.638402	12.099782	12.647591	12.890691	10.453502
DIS CC	NTVNBDMNFe_dw	33	7.239226588753	8.349241	8.357108	8.808065	8.11756	6.4863367	7.790263	10.216209	7.399493	7.24508	8.014987	9.712391	8.979005	8.273672	8.006382	8.0427685	8.22532	8.44395	9.463962	7.014264	8.198909	9.243429	6.9878864	7.4351063	8.1413145	8.186189	6.9814987	8.940446	7.6050243	8.770018	8.017669	8.922864	7.32279	9.160789	6.9277143	9.998975	8.148041	8.948961	8.295939	7.9382286	8.199691	9.026811	9.136085	9.285764	7.486471	7.521653	9.183009	7.3079042	9.031619	9.475595	8.592389	8.104939	9.023978	8.577333	9.208316	8.425118	8.719968	8.770419	7.987011	8.944837	9.048845	7.9867306	7.758276	8.262587	9.075839	8.542334	7.153886	8.295939	7.7668886	9.13147	7.651619	8.695019	9.328402	8.436427	8.544211	7.8394785	8.832799	8.556647	8.571991	7.870351	8.739058	7.43489	9.207931	8.326839	9.304364	7.501215	7.8805695	8.80398	8.168717	8.976208	7.916792	6.6799498	10.071174	7.451002	8.881847	9.208757	7.905137	8.650937	8.32758	7.96601	8.118981	7.2749376
DIS CC	NTVNBDMNFe_dw	34	4.409385305966	3.5166378	3.729763	2.98102	3.8064861	3.3179865	3.4576473	5.027543	3.3790665	2.3171663	3.5795364	3.9650087	3.6403427	3.7626743	3.881318	3.3092241	3.4611692	3.926444	3.3160286	3.9426079	3.705019	3.3265305	3.4948988	3.442851	3.2912655	3.9281635	3.036931	3.1232843	4.008111	3.7536592	2.570405	3.1254644	2.9053392	3.7670994	3.241722	3.8861446	3.2975245	4.0351944	2.6616478	3.7132273	3.153184	4.6876135	3.983512	4.394273	2.9981527	3.286478	4.1737757	3.4137487	4.1017313	3.4108057	3.1402702	3.2171946	3.8728313	3.5534277	3.3192196	3.896533	3.8764057	3.3941765	3.4912958	4.321579	3.349594	2.853777	3.5488386	3.6414175	3.3646183	3.3363972	3.1941109	2.6616478	3.1453266	3.7434263	4.046707	3.5609064	3.9324465	2.9467163	3.6222754	3.403923	3.327118	3.2626104	3.243392	3.4568443	3.5624657	3.340455	4.199484	2.9073772	3.8166256	2.926752	3.9631205	3.2581348	3.7892265	3.3857317	3.2820244	2.8271284	4.060934	4.11407	2.749795	4.2524033	3.3341026	3.2728853	3.8992367	3.3993835	3.272296	3.6062822
DIS CC	NTVNBDMNFe_dw	35	17.25229582754	20.845818	22.06854	19.49082	22.144936	20.312687	18.214888	22.954973	21.912443	18.61397	19.623726	23.025085	22.200771	22.65169	23.656878	18.75029	21.952929	19.315027	22.12504	23.335716	18.723177	22.652037	21.984283	22.27815	20.425531	19.148247	17.43969	23.203125	22.637432	20.878044	19.573893	19.754408	23.245466	19.322369	17.988232	19.7977	21.866882	22.062553	19.559362	20.585636	18.009714	20.738897	18.348711	23.387253	18.335714	18.034845	20.56426	22.10628	21.050798	22.757366	20.503115	22.787144	21.38304	18.05282	18.160074	23.085646	23.525764	21.99185	24.740202	17.59296	22.224976	21.09987	21.146603	24.221525	20.132576	23.165676	24.274494	19.559362	21.984697	18.942287	20.080986	18.720188	21.231016	19.407616	21.463448	18.678373	19.923798	20.88156	17.123425	19.227459	19.619461	20.482956	21.462257	16.92289	21.524517	20.075348	21.558666	24.746004	23.716713	20.899378	19.44641	19.778284	23.311296	24.548183	20.610577	21.687054	20.120657	22.34637	19.059448	21.598892	20.136204	16.80708
DIS CC	NTVNBDMNFe_dw	36	14.57353621894	18.86933	20.087711	18.987247	18.433146	16.84291	16.161858	20.740608	18.611013	16.624836	17.719479	21.243763	20.820496	19.116425	19.362337	16.919788	19.721268	18.078506	20.162277	19.243647	17.624155	20.899693	18.319645	19.482634	19.749027	19.470264	17.156603	21.101593	18.806562	18.019585	17.869947	19.368992	18.851406	18.826954	16.259161	20.08221	19.583052	19.545372	19.66019	17.922531	17.094551	18.91144	18.521538	20.697472	16.936138	17.205528	18.926842	19.968563	19.415783	21.301197	18.66964	19.903692	19.38126	18.11938	18.677116	18.872185	20.986336	19.73023	18.344791	16.737558	19.972137	19.04187	18.135607	19.709175	19.874306	20.049335	20.216364	19.66019	19.788902	18.459951	18.227943	18.109932	19.931952	18.483238	18.946247	16.766249	18.516289	19.019001	18.308878	17.5178	18.954933	18.054224	19.9654	17.469336	19.986399	17.454975	18.481525	19.516068	21.437162	19.50888	17.979868	17.040396	19.908981	18.587494	20.251831	19.407078	18.313475	19.746494	17.985477	18.805122	18.529667	14.934198
DIS CC	NTVNBDMNFe_dw	37	11.59268795157	13.345977	13.976206	13.9568615	12.560188	10.955939	11.622527	15.014317	12.242162	11.885096	12.443245	15.450461	14.6873865	12.954747	13.090847	12.437827	13.800464	12.99845	14.465932	11.689464	12.812254	15.008171	11.9040985	13.112889	14.287644	14.043235	11.877517	14.888622	12.606671	12.81763	12.883241	14.107683	12.206757	14.136253	11.318873	15.34971	13.616451	13.926867	14.1262245	12.413504	12.341522	13.486989	13.926885	14.703665	12.099071	12.390737	13.869927	13.510425	14.027513	15.268863	13.438475	13.70904	14.117856	13.421354	14.255717	13.103039	14.54602	13.833763	12.590193	12.68125	14.450689	13.267019	12.4531555	13.528774	14.2448015	13.946878	13.116465	14.1262245	13.368151	13.901273	12.58276	13.311673	14.393805	13.633243	13.444263	11.997638	13.582738	13.696488	13.436339	12.509492	13.923673	12.494063	14.319465	13.322615	14.34758	12.231811	12.341197	13.572201	14.416641	14.046492	12.665385	11.442627	14.685189	11.970308	14.497465	13.77626	12.824174	14.072649	12.651117	13.078059	13.12073	10.807466
DIS CC	NTVNBDMNFe_dw	38	7.827772283748	8.22454	8.299597	8.526689	8.055919	6.307086	7.63857	10.040736	7.0766926	7.28265	7.7370386	9.642154	8.888804	8.000549	7.7787685	7.8679705	8.197886	8.355805	9.346181	6.7653503	8.092137	9.10536	7.0352087	7.416149	8.098286	8.018824	6.976487	8.861262	7.5703487	8.629515	7.9636	8.754167	7.175476	9.048003	6.8070793	9.744886	8.080115	8.844144	8.086533	7.875925	8.039095	8.764001	8.962493	9.17253	7.3744497	7.4820766	8.905728	7.3422937	8.870195	9.363517	8.387546	8.017505	8.843024	8.422502	9.174288	8.386532	8.62424	8.710988	7.9276485	8.675975	8.889691	7.9552298	7.610154	8.174591	8.9396515	8.456334	7.116934	8.086533	7.6670723	8.950261	7.623864	8.572782	9.114562	8.343684	8.383134	7.7161856	8.724898	8.480393	8.380885	7.749192	8.698953	7.4110374	9.115442	8.20738	9.155603	7.4050884	7.7523117	8.612967	8.085856	8.7441435	7.8794565	6.72042	9.7622	7.4530516	8.693353	8.966736	7.740509	8.604982	8.10457	7.8687754	8.010597	7.086012
DIS CC	NTVNBDMNFe_dw	39	3.830724155268	3.1360211	3.3242512	2.5281343	3.4479961	2.7372198	3.0578403	4.544245	2.9549313	2.01048	3.041091	3.6237764	3.3172626	3.3186083	3.33953	2.7699566	3.0059872	3.4183807	3.0564213	3.4151363	3.3600578	2.9672995	3.0787373	2.8841896	2.9710789	3.328764	2.6793585	2.898161	3.565524	3.5111141	2.380249	2.797721	2.6025991	3.3909645	2.829895	3.4482203	2.8051195	3.6379404	2.1609135	3.386383	2.9478502	4.3846636	3.6880646	3.862012	2.6419363	2.7694416	3.6129131	3.0944338	3.6984892	3.1398067	2.7890682	2.9079885	3.3364687	3.0893965	2.9821177	3.5804663	3.3880281	3.0164852	2.9584093	3.7837524	3.0525532	2.542264	3.069233	3.298956	3.0776987	3.0659027	2.7360315	2.1609135	2.7654696	3.381587	3.661088	3.3841295	3.5958567	2.6159172	3.318677	2.9708376	3.012146	3.053749	2.884348	3.1093655	3.1438303	2.9886894	3.9615984	2.6260366	3.4649591	2.592987	3.5379105	3.0117874	3.520092	3.0418081	2.896968	2.6474104	3.714468	3.796712	2.407938	3.8215618	2.761856	3.0902863	3.4835968	3.0598612	2.8740807	3.1336584
DIS CC	NTVNBDMNFe_dw	40	12.08624009395	21.309982	22.46931	19.675667	22.897434	20.639086	18.746788	23.473663	21.816565	19.44941	19.826923	23.647846	22.290379	22.946404	24.281303	19.145662	22.401232	20.143856	22.642357	22.658627	19.33051	23.184988	22.687176	23.018454	20.867947	19.464775	18.224224	23.737915	23.111021	21.45348	20.47941	20.21852	23.742083	19.757706	18.45535	20.123163	22.360771	22.720867	19.703342	20.963581	18.766417	21.356266	18.920826	23.782284	18.278149	18.342976	20.670307	22.842829	21.397001	23.254866	20.792986	23.333218	21.836647	18.31496	18.35211	23.795593	23.946562	22.527376	25.68052	17.932096	22.334866	21.49314	21.549232	24.90282	20.46802	23.953684	24.283525	19.703342	22.46299	19.556526	20.49191	19.279669	21.592747	20.07161	21.81855	19.420025	20.888826	21.432232	16.783007	19.879063	20.331507	21.128483	22.25359	17.23605	21.785011	20.660496	21.940142	25.336592	23.911268	21.167185	20.127228	20.396109	23.712566	24.885052	21.219116	22.147472	20.679935	23.116428	19.467066	22.202215	20.542147	17.504795
DIS CC	NTVNBDMNFe_dw	41	16.02669783285	18.525127	19.77377	18.458466	18.257366	16.500526	15.86478	20.437109	18.160484	16.40452	17.19129	20.954071	20.519093	18.713596	18.950123	16.518345	19.425602	17.757084	19.869125	18.872017	17.313457	20.500093	18.158947	19.197792	19.394625	18.914856	16.839226	20.704357	18.500595	17.728138	17.604877	18.963322	18.56211	18.448261	15.91684	19.542313	19.33041	19.251667	19.336845	17.704384	16.76709	18.410086	18.049019	20.35805	16.550272	16.857405	18.358448	19.628744	19.001427	20.915848	18.248253	19.53215	19.027607	17.727715	18.417343	18.698349	20.682728	19.483232	18.15658	16.27959	19.424412	18.762249	17.800388	19.454885	19.43779	19.774982	19.731207	19.336845	19.473219	18.104668	17.921629	17.773827	19.494717	18.162216	18.592915	16.457954	18.167965	18.706324	17.897886	17.20394	18.635513	17.751253	19.631863	17.048576	19.626602	17.183578	18.188623	19.25496	21.137222	19.059933	17.720007	16.834148	19.580568	18.372375	19.848164	19.050179	17.908386	19.44487	17.727652	18.51148	17.991123	14.635918
DIS CC	NTVNBDMNFe_dw	42	13.34722566774	12.95742	13.619621	13.448286	12.254378	10.584862	11.260749	14.626732	11.721929	11.6026745	11.9771185	15.084652	14.309463	12.508187	12.628978	12.023598	13.472365	12.64602	14.094352	11.2771635	12.436261	14.572916	11.699867	12.782753	13.8644495	13.568852	11.558192	14.464471	12.282699	12.474526	12.512724	13.64993	11.827985	13.733867	10.938498	14.825965	13.29123	13.560877	13.723172	12.126717	11.942886	12.943081	13.441426	14.329468	11.719948	12.050784	13.356733	13.164448	13.6029	14.869803	13.001599	13.308955	13.706378	13.024703	13.997785	12.798845	14.183743	13.507028	12.28963	12.235822	13.962035	12.949068	12.078377	13.168372	13.8040695	13.564092	12.707245	13.723172	13.006696	13.477588	12.260776	12.899221	13.932634	13.242018	13.039337	11.641288	13.17376	13.324075	13.011398	12.112689	13.572585	12.137847	13.8979435	12.892665	13.954642	11.872281	11.973523	13.133281	14.0261965	13.577525	12.367777	11.18996	14.23901	11.711172	14.024387	13.356876	12.417987	13.689981	12.32894	12.702357	12.662781	10.421313
DIS CC	NTVNBDMNFe_dw	43	6.333875293209	7.870272	7.972192	8.100294	7.7385445	5.9392414	7.28049	9.645997	6.6380634	7.0022764	7.31238	9.299147	8.545016	7.580016	7.3693714	7.482111	7.877326	8.009859	8.991417	6.365368	7.7524567	8.735946	6.7684793	7.0976562	7.771865	7.6226473	6.680106	8.5282955	7.267028	8.281166	7.6481476	8.376981	6.826373	8.692543	6.463484	9.320443	7.7418785	8.498185	7.6701	7.564149	7.6891212	8.3707285	8.584429	8.809217	7.0307035	7.1595736	8.471195	7.070176	8.496145	9.005568	8.003401	7.681795	8.449256	8.0427	8.850775	8.079961	8.275557	8.379613	7.5993223	8.256266	8.516273	7.642153	7.2511234	7.8328295	8.577152	8.123664	6.802945	7.6701	7.32705	8.568193	7.319092	8.224133	8.719642	7.9995174	8.01823	7.3736334	8.3758955	8.157789	7.9971285	7.4021454	8.37411	7.108432	8.780627	7.8535233	8.785828	7.0707436	7.4075766	8.242498	7.751375	8.342374	7.5649776	6.461357	9.320111	7.1723356	8.304327	8.5575075	7.359906	8.29016	7.7082424	7.535783	7.665305	6.7088337
DIS CC	NTVNBDMNFe_dw	44	2.427649012271	2.8518908	3.0263996	2.2075338	3.1664596	2.3565593	2.7609596	4.196655	2.6572251	1.7766342	2.6827726	3.3492622	3.058405	3.0074692	2.9769797	2.4122458	2.6862407	3.0608249	2.8225145	3.0624905	3.097703	2.690155	2.789301	2.515092	2.7279482	2.9544616	2.4176636	2.6839046	3.2499475	3.2896137	2.1925955	2.534113	2.3614721	3.1009073	2.5369148	3.1340666	2.4773302	3.338212	1.8272362	3.1188383	2.750845	4.1381955	3.4448671	3.493874	2.3749876	2.4169168	3.2331996	2.8565788	3.404005	2.912815	2.517397	2.6714668	2.9692736	2.7605023	2.7255898	3.3282766	3.0487237	2.7256136	2.59512	3.421906	2.8105936	2.2906132	2.7287135	3.038219	2.8336887	2.827385	2.410265	1.8272362	2.485242	3.110281	3.383058	3.1965714	3.3260603	2.3586245	3.0769687	2.6511593	2.7513323	2.8623543	2.611188	2.8409586	2.8367958	2.7222614	3.7360206	2.400299	3.1816406	2.3399067	3.2235045	2.7893782	3.2957487	2.7766075	2.606451	2.4741325	3.4445276	3.5415673	2.138053	3.5085554	2.3842764	2.909134	3.179819	2.7982225	2.5821848	2.8042412
DIS CC	NTVNUDMNFe_dw	0	13.84518875834	0.0	0.0	0.0	0.0	0.0	0.0	0.0	0.0	0.0	0.0	0.0	0.0	0.0	0.0	0.0	0.0	0.0	0.0	0.0	0.0	0.0	0.0	0.0	0.0	0.0	0.0	0.0	0.0	0.0	0.0	0.0	0.0	0.0	0.0	0.0	0.0	0.0	0.0	0.0	0.0	0.0	0.0	0.0	0.0	0.0	0.0	0.0	0.0	0.0	0.0	0.0	0.0	0.0	0.0	0.0	0.0	0.0	0.0	0.0	0.0	0.0	0.0	0.0	0.0	0.0	0.0	0.0	0.0	0.0	0.0	0.0	0.0	0.0	0.0	0.0	0.0	0.0	0.0	0.0	0.0	0.0	0.0	0.0	0.0	0.0	0.0	0.0	0.0	0.0	0.0	0.0	0.0	0.0	0.0	0.0	0.0	0.0	0.0	0.0	0.0	0.0
DIS CC	NTVNUDMNFe_dw	1	16.37747669877	13.785347	14.058624	14.522044	13.383999	12.073725	13.0961895	13.336586	15.629488	11.877768	14.173912	15.067888	12.720247	14.718239	16.141407	11.213053	14.655169	13.190561	12.571283	12.122011	12.884968	16.206123	11.69886	11.9815235	15.114101	11.977047	12.281599	16.317642	12.919098	12.4501	14.165178	14.3955765	14.710596	11.731253	12.499289	15.062602	13.834774	15.127481	11.841585	12.170149	13.9049225	16.734385	12.672134	17.573177	13.794775	11.47908	15.44534	14.773733	15.076675	14.736851	13.305641	14.181416	13.574566	14.243307	12.358179	15.629087	14.203342	12.899858	18.385279	13.518223	12.819281	11.816494	14.426838	14.554699	15.347797	15.532316	14.650412	11.841585	14.73123	12.322388	13.118952	12.801708	14.669004	14.583088	15.762692	14.231449	11.1650505	14.064079	14.733469	14.542007	12.120861	12.430035	13.35784	12.453012	13.038235	13.806963	13.248396	16.144121	12.856882	16.277418	13.32971	12.277277	14.798385	12.998144	13.851324	13.855249	12.212427	12.739975	13.144987	15.559771	15.701968	12.205351
DIS CC	NTVNUDMNFe_dw	2	12.70772238514	13.992901	13.706924	14.368843	13.952084	13.340958	12.565079	13.842731	15.746304	12.767048	14.257111	15.135273	13.692738	13.983002	15.605122	10.872837	15.001228	13.707176	13.214836	13.363102	12.506332	15.130844	11.77412	11.34877	14.169529	14.779167	12.704006	16.76437	12.83569	13.17215	14.347748	15.62706	13.512047	11.422962	12.749104	14.014301	14.527111	14.358795	13.817062	13.415661	12.998962	16.47823	12.2623825	16.011662	13.900524	12.880302	14.29842	15.838856	14.462463	15.933895	13.744289	14.370735	13.170914	14.976322	13.325546	15.064396	14.942421	13.704071	18.161793	13.468788	12.080837	12.524418	14.3816185	16.148281	15.333195	15.279724	13.967941	13.817062	14.470005	13.519142	13.790047	12.73605	14.680962	14.844803	15.483906	14.851402	12.022846	13.540943	15.8938675	14.472507	12.43985	11.970119	13.808212	12.825283	13.34856	13.881062	14.126556	16.776623	15.104469	15.435944	12.862061	12.649963	15.726395	14.892139	14.810413	13.675034	13.101227	12.348827	12.938114	14.836205	14.407349	11.391697
DIS CC	NTVNUDMNFe_dw	3	9.792092884995	12.074089	11.164902	12.497545	12.826089	12.971058	10.60259	12.352176	13.076241	12.040128	12.392396	13.208383	11.916258	11.303678	12.47033	10.064995	12.838112	12.295939	11.530529	11.867515	10.219977	12.494194	11.533514	9.733005	10.244616	14.800439	10.974576	13.305648	11.457179	11.1639385	12.334594	13.967092	10.439271	9.477186	11.035029	10.9295025	13.589244	11.2363615	13.154123	11.407892	11.1489315	13.650816	9.3708725	12.667179	11.672687	12.487227	11.710737	12.651905	12.015233	13.8130865	11.95718	12.270982	11.364433	13.386816	12.071819	12.4434395	14.184129	12.920852	15.728373	12.201318	10.770926	11.042045	12.887713	14.726491	12.933149	12.668519	11.678111	13.154123	12.075503	12.310644	12.033648	10.637005	13.070729	12.211816	12.860682	12.959093	11.052631	10.939377	13.905664	12.013487	11.0179205	10.0366535	11.580018	11.039979	12.068698	12.307971	12.640993	14.121303	12.771872	12.174971	11.033769	11.48126	13.987467	13.190859	13.23279	11.373007	12.67612	9.948457	11.143088	11.792271	12.134746	9.088911
DIS CC	NTVNUDMNFe_dw	4	4.171932282586	5.8560925	5.1473083	6.47009	4.810485	7.6304436	5.956032	5.4986534	6.6064587	5.1950436	5.340314	5.589053	5.896781	4.9529886	5.7362757	5.9305696	6.2295446	6.4713955	5.452071	6.2160177	5.624421	6.3531733	5.1604357	5.955432	5.6968803	7.3595324	5.451647	6.3085804	5.749284	5.134078	5.851717	5.370842	5.5135	5.1899347	5.1223307	5.310503	6.2860518	5.779196	5.937434	6.4330463	5.0476522	7.1927013	4.4020033	6.122469	6.3204165	7.17334	6.151799	6.0233603	5.427061	6.165718	5.070178	6.5345354	6.064603	5.510441	4.423972	5.946376	8.206049	7.280222	7.6542416	5.5248175	6.0104227	5.5878553	6.7980986	6.0506506	5.6796055	5.792858	5.5528994	5.937434	5.5476274	5.2021303	6.4547625	4.810708	6.4763947	5.9132395	6.2384434	5.806591	6.194206	5.4695835	5.244603	6.071828	5.7384653	5.3622246	5.0826654	5.586176	5.2258644	6.476965	5.025402	6.0442686	6.65827	5.3072386	6.4113445	6.1016083	6.69901	4.8138094	6.179782	5.363145	6.265976	4.946678	5.0568056	6.636998	5.8335047	4.993619
DIS CC	NTVNUDMNFe_dw	5	15.43148037711	0.0	0.0	0.0	0.0	0.0	0.0	0.0	0.0	0.0	0.0	0.0	0.0	0.0	0.0	0.0	0.0	0.0	0.0	0.0	0.0	0.0	0.0	0.0	0.0	0.0	0.0	0.0	0.0	0.0	0.0	0.0	0.0	0.0	0.0	0.0	0.0	0.0	0.0	0.0	0.0	0.0	0.0	0.0	0.0	0.0	0.0	0.0	0.0	0.0	0.0	0.0	0.0	0.0	0.0	0.0	0.0	0.0	0.0	0.0	0.0	0.0	0.0	0.0	0.0	0.0	0.0	0.0	0.0	0.0	0.0	0.0	0.0	0.0	0.0	0.0	0.0	0.0	0.0	0.0	0.0	0.0	0.0	0.0	0.0	0.0	0.0	0.0	0.0	0.0	0.0	0.0	0.0	0.0	0.0	0.0	0.0	0.0	0.0	0.0	0.0	0.0
DIS CC	NTVNUDMNFe_dw	6	15.65819456307	15.293057	15.637936	15.612344	15.313908	13.350141	14.7962	15.018884	16.74269	13.845924	15.197241	16.989185	14.375915	16.08966	17.219597	13.128691	16.215765	14.71611	14.190929	13.030534	14.511021	17.765524	14.1407995	14.049687	16.698524	13.087811	13.655876	17.012959	14.587834	13.870028	15.832512	15.431459	16.320023	13.433125	13.91882	16.284061	15.640585	16.642872	13.656295	13.708849	15.760561	17.338905	13.824591	19.23611	15.278787	12.999372	16.476627	15.6335125	16.51345	15.795877	14.537338	15.458781	15.319441	15.815029	14.509933	17.42645	15.938198	14.823611	19.963531	15.0386715	14.352779	13.639972	16.024935	15.842866	16.689693	17.034735	15.699716	13.656295	16.50367	13.751578	14.769599	14.749384	16.199436	15.955671	17.097736	15.524255	12.595438	15.853626	16.017746	15.914363	13.810936	14.214636	14.861272	13.985361	14.812073	15.509336	14.670519	17.477571	13.552259	17.526484	15.3206	14.1655	16.049053	14.387526	15.142237	15.449253	13.676624	14.436868	15.182494	16.99604	16.832453	13.963988
DIS CC	NTVNUDMNFe_dw	7	15.27845575803	14.307927	14.274355	14.449472	14.321423	13.351511	13.183083	14.20766	15.567623	13.230881	14.281456	15.5874815	13.944771	14.255007	15.774607	11.370981	15.435733	14.10161	13.5825615	13.229263	13.0871105	15.644848	12.504608	12.101196	14.753504	14.186071	13.202435	16.923462	13.317841	13.442928	14.763525	15.549156	14.081533	12.022779	13.092247	14.368744	14.91962	14.975755	13.731907	13.687046	13.548426	16.397823	12.623976	16.7151	14.190962	13.107412	14.633781	15.911604	14.894109	16.003807	13.860718	14.679508	13.676962	15.121239	13.839512	15.716644	15.227402	14.128815	18.65864	13.692858	12.432316	12.936594	14.7313385	16.154882	15.5543995	15.671875	14.314827	13.731907	14.82349	13.624598	14.110867	13.069906	14.853943	15.233923	15.835715	15.042872	12.3158245	14.07255	15.792471	14.843155	13.003256	12.568834	13.98494	13.146145	13.661562	14.339069	14.215681	16.718563	15.002055	15.746973	13.637007	13.257275	15.75285	14.878967	14.7683115	13.942244	13.2168865	12.958925	13.458668	15.385511	14.84363	12.022936
DIS CC	NTVNUDMNFe_dw	8	9.727416723071	11.887555	11.100855	12.108893	12.551553	12.4249935	10.440732	12.067222	12.80382	11.773558	11.995924	12.989584	11.8069935	11.08091	12.295958	9.671959	12.685211	12.07653	11.449889	11.537634	10.16021	12.319926	11.131815	9.568432	10.463905	14.225585	10.858871	13.413172	11.244458	11.158062	12.25486	13.672102	10.450877	9.426472	10.810318	10.817108	13.139681	11.292713	12.588251	11.460384	10.9396715	13.541746	9.459733	12.574366	11.598812	12.135806	11.441199	12.812487	11.8290825	13.679317	11.720552	12.1345215	11.051947	13.045691	11.853331	12.400649	13.725824	12.630102	15.4496355	11.744019	10.517824	10.964661	12.536293	14.398012	12.845734	12.595286	11.53775	12.588251	11.957855	11.9657955	11.938648	10.679707	12.764125	12.152265	12.716373	12.780499	10.872909	10.99474	13.648001	11.917997	10.859076	9.988336	11.644934	10.899778	11.782436	12.022736	12.40517	14.011014	12.775324	12.078065	10.924875	11.336004	13.598857	13.137563	12.937494	11.19746	12.122373	10.029581	10.835944	11.785719	11.951876	8.969719
DIS CC	NTVNUDMNFe_dw	9	4.305182568593	5.4733424	4.7786183	5.931445	4.7193813	6.896635	5.517699	5.1643534	6.0686455	4.985995	4.946398	5.3518553	5.489032	4.709018	5.136396	5.3591747	5.6806183	5.93432	5.1631336	5.6340146	5.2365522	5.9385233	4.98582	5.2446327	5.1990347	6.644827	5.1311226	5.92861	5.331476	4.8859315	5.653345	5.2442617	5.1655216	4.683262	4.787779	4.8438177	6.126343	5.369963	5.44217	5.830829	5.081213	6.9020925	4.0924797	5.571801	5.786151	6.3892846	5.5702567	5.679387	5.228441	5.9649057	4.8456597	6.2287936	5.4502554	5.0775337	4.372588	5.6527925	7.579019	6.7912936	7.0506673	5.18561	5.6348906	5.153471	6.238822	5.8797874	5.4320335	5.3984613	4.847497	5.44217	5.1162033	4.9577026	6.012237	4.590666	6.1527967	5.548007	6.0392747	5.2210712	5.7446766	5.285426	4.996273	5.655467	5.3161325	4.92729	4.8240232	5.2983103	4.9599733	6.143605	4.7592916	5.765358	6.366667	5.041193	5.9236517	5.8603287	6.529195	4.55153	5.7630835	4.995136	5.706193	4.8457503	4.700575	6.1162305	5.4853106	4.46772
DIS CC	NTVNUDMNFe_dw	10	12.86003584553	0.0	0.0	0.0	0.0	0.0	0.0	0.0	0.0	0.0	0.0	0.0	0.0	0.0	0.0	0.0	0.0	0.0	0.0	0.0	0.0	0.0	0.0	0.0	0.0	0.0	0.0	0.0	0.0	0.0	0.0	0.0	0.0	0.0	0.0	0.0	0.0	0.0	0.0	0.0	0.0	0.0	0.0	0.0	0.0	0.0	0.0	0.0	0.0	0.0	0.0	0.0	0.0	0.0	0.0	0.0	0.0	0.0	0.0	0.0	0.0	0.0	0.0	0.0	0.0	0.0	0.0	0.0	0.0	0.0	0.0	0.0	0.0	0.0	0.0	0.0	0.0	0.0	0.0	0.0	0.0	0.0	0.0	0.0	0.0	0.0	0.0	0.0	0.0	0.0	0.0	0.0	0.0	0.0	0.0	0.0	0.0	0.0	0.0	0.0	0.0	0.0
DIS CC	NTVNUDMNFe_dw	11	15.23383060622	15.289898	15.624607	15.421953	15.485201	13.2943535	14.84165	15.074345	16.516548	14.074282	15.000847	17.137249	14.466843	15.993628	17.002928	13.277166	16.241163	14.750166	14.2793045	12.839853	14.530762	17.71073	14.524252	14.244118	16.647892	13.03598	13.626219	16.702665	14.66218	13.9130535	15.880571	15.2654	16.306532	13.499491	13.858513	16.121408	15.748217	16.624315	13.8346615	13.830517	15.844313	16.903942	13.663645	19.220625	15.289537	13.06941	16.218012	15.479933	16.423529	15.671984	14.450293	15.349714	15.379948	15.841896	14.832293	17.503311	16.004942	15.017134	19.950026	15.027462	14.339552	13.827093	16.019102	15.799152	16.596785	17.006168	15.48674	13.8346615	16.575409	13.739031	14.854017	14.88093	16.143473	15.886402	16.982468	15.455244	12.617342	15.9405155	15.961256	15.820023	13.904638	14.308535	14.860788	13.98382	14.932558	15.542084	14.682375	17.41169	13.338678	17.345316	15.48774	14.335495	15.958876	14.471254	15.054569	15.494833	13.701824	14.486168	15.350588	16.911188	16.616505	14.01335
DIS CC	NTVNUDMNFe_dw	12	14.40302366832	14.050176	14.097927	14.093845	14.121973	12.997572	13.028704	13.968324	15.077232	13.083841	13.897613	15.382683	13.674107	13.946034	15.401596	11.20845	15.209606	13.882151	13.361474	12.787441	12.922597	15.436045	12.47083	12.017813	14.549462	13.637781	13.013714	16.562885	13.151174	13.189107	14.549201	15.143436	13.887571	11.885162	12.842629	14.091062	14.699351	14.799245	13.337308	13.435541	13.390402	15.963043	12.368974	16.549713	13.92416	12.855578	14.338656	15.546782	14.659235	15.641903	13.540138	14.4086	13.477467	14.801701	13.701129	15.575636	14.973501	13.939301	18.425753	13.409694	12.219901	12.749404	14.487071	15.7757225	15.253429	15.430502	14.062612	13.337308	14.582891	13.306946	13.872507	12.854228	14.549627	14.976803	15.557852	14.753973	12.081524	13.905482	15.379925	14.582803	12.855529	12.433731	13.704002	12.898017	13.426538	14.132071	13.893196	16.31402	14.548826	15.445642	13.555544	13.143608	15.362661	14.53907	14.384022	13.657905	12.907966	12.819266	13.276796	15.17963	14.619768	11.865522
DIS CC	NTVNUDMNFe_dw	13	11.49359051422	11.519452	10.786764	11.653702	12.151806	11.898467	10.111248	11.653511	12.375989	11.380153	11.510692	12.615431	11.483506	10.693879	11.880846	9.2383375	12.300415	11.670654	11.139051	11.097805	9.880373	11.9639225	10.700751	9.211429	10.2667885	13.608416	10.5320635	13.143364	10.883206	10.871307	11.955929	13.246386	10.188944	9.14452	10.443739	10.479452	12.651718	11.017989	12.030231	11.178183	10.637674	13.224369	9.231325	12.210144	11.254714	11.676092	11.024417	12.539841	11.471853	13.3122635	11.334773	11.801614	10.636543	12.575027	11.45179	12.1008625	13.248272	12.233205	14.985738	11.2655	10.171075	10.640324	12.101487	13.949848	12.513512	12.280497	11.171726	12.030231	11.595449	11.550365	11.606226	10.428125	12.3608	11.829847	12.375345	12.366968	10.54023	10.751191	13.216698	11.593048	10.518579	9.708714	11.379721	10.577775	11.39048	11.6473465	12.0086975	13.662498	12.48061	11.741709	10.598177	11.035633	13.147327	12.793055	12.519787	10.824171	11.594997	9.823063	10.416276	11.504651	11.591778	8.650145
DIS CC	NTVNUDMNFe_dw	14	3.542341257507	5.191973	4.5008664	5.571044	4.5523624	6.427204	5.210656	4.9065704	5.7244983	4.7782865	4.6571765	5.093335	5.1893735	4.49249	4.7655163	5.017373	5.321469	5.5634723	4.941136	5.2692666	4.9649105	5.624447	4.806057	4.835024	4.882334	6.2167764	4.8928695	5.63648	5.0391607	4.6876373	5.4558797	5.047076	4.918535	4.364461	4.528831	4.541871	5.9584866	5.087679	5.091639	5.439915	4.9786158	6.660908	3.876686	5.2092957	5.469272	5.9237633	5.1938047	5.4374223	5.022939	5.766707	4.6375427	5.9953413	5.0469275	4.7733483	4.271836	5.4091353	7.1524367	6.4458146	6.6586246	4.9290056	5.3503118	4.8666177	5.8397064	5.6769466	5.2136235	5.0799947	4.4007854	5.091639	4.828575	4.730386	5.7068496	4.3996053	5.88062	5.281586	5.8440337	4.858884	5.4231567	5.1357603	4.7750487	5.3546705	5.0199623	4.628505	4.6100736	5.080975	4.7042713	5.8691688	4.5066557	5.5134516	6.132967	4.820608	5.6015224	5.654255	6.3341475	4.3173327	5.4445844	4.747461	5.3169417	4.721145	4.446017	5.767608	5.2200117	4.1392703
DIS CC	NTVNUDMNFe_dw	15	21.32842122168	0.0	0.0	0.0	0.0	0.0	0.0	0.0	0.0	0.0	0.0	0.0	0.0	0.0	0.0	0.0	0.0	0.0	0.0	0.0	0.0	0.0	0.0	0.0	0.0	0.0	0.0	0.0	0.0	0.0	0.0	0.0	0.0	0.0	0.0	0.0	0.0	0.0	0.0	0.0	0.0	0.0	0.0	0.0	0.0	0.0	0.0	0.0	0.0	0.0	0.0	0.0	0.0	0.0	0.0	0.0	0.0	0.0	0.0	0.0	0.0	0.0	0.0	0.0	0.0	0.0	0.0	0.0	0.0	0.0	0.0	0.0	0.0	0.0	0.0	0.0	0.0	0.0	0.0	0.0	0.0	0.0	0.0	0.0	0.0	0.0	0.0	0.0	0.0	0.0	0.0	0.0	0.0	0.0	0.0	0.0	0.0	0.0	0.0	0.0	0.0	0.0
DIS CC	NTVNUDMNFe_dw	16	15.88066681461	18.685467	18.97528	19.221127	18.609121	16.60848	18.137753	18.314484	20.599009	16.943554	18.794666	20.451578	17.612947	19.722563	20.950497	16.40851	19.545893	17.993895	17.395693	16.340527	17.784008	21.45325	17.303537	17.310587	20.181034	16.424852	16.767437	20.509258	17.891735	17.044035	19.218866	18.86999	19.916359	16.617903	17.179962	19.961498	18.911806	20.085167	16.801237	16.768122	19.297234	21.235453	17.190155	22.974869	18.681862	16.069479	20.252432	18.960087	20.076397	19.133144	17.935823	18.884336	18.731014	19.240112	17.51337	20.8857	19.33227	18.03855	23.65652	18.57797	17.947632	16.76334	19.535252	19.159697	20.313	20.578844	19.318836	16.801237	20.036934	16.965208	18.056911	18.159498	19.826902	19.306	20.671879	18.903952	15.710764	19.287743	19.477745	19.336226	16.944248	17.508759	18.263292	17.255047	18.190104	18.867016	18.026329	21.16582	16.579174	21.276201	18.632	17.312523	19.4562	17.53802	18.588417	18.924	16.985245	17.71843	18.4715	20.520119	20.606848	17.26688
DIS CC	NTVNUDMNFe_dw	17	15.60476223121	16.29151	16.250492	16.570955	16.210987	15.318823	15.132416	16.169563	17.907204	14.97888	16.376696	17.580206	15.871658	16.384653	17.996378	13.239672	17.404087	16.010197	15.451008	15.2716465	15.009565	17.766628	14.215683	13.962147	16.826595	16.182226	15.049835	19.025057	15.181166	15.275806	16.727793	17.614723	16.14102	13.862564	15.055037	16.481411	16.877872	16.960835	15.730671	15.491663	15.535536	18.657549	14.587416	18.849773	16.15661	14.913416	16.797102	17.856401	16.97455	18.010479	15.845156	16.704529	15.682734	17.146032	15.574415	17.70189	17.248476	15.999338	20.82074	15.716036	14.37886	14.735113	16.783516	18.189526	17.635931	17.726767	16.312222	15.730671	16.839996	15.57213	16.004478	14.997332	16.953997	17.256817	17.950878	17.001223	14.130569	16.006966	17.868446	16.885195	14.828699	14.430155	15.910547	15.083004	15.592804	16.347855	16.159374	18.868366	16.99615	17.939632	15.510481	15.072538	17.881899	16.686895	16.830812	15.950645	15.152924	14.8456955	15.430832	17.463844	16.893463	13.971485
DIS CC	NTVNUDMNFe_dw	18	10.25531119412	13.045636	12.227575	13.3594055	13.66039	13.731412	11.569864	13.275339	14.087587	12.885241	13.314882	14.130023	12.885187	12.325771	13.626741	10.893025	13.91745	13.317433	12.5072365	12.79501	11.224718	13.492735	12.262303	10.761049	11.54808	15.63201	11.983667	14.531866	12.346778	12.205399	13.292688	14.847699	11.536848	10.473024	11.947222	11.997392	14.432807	12.430988	13.951098	12.540488	11.9391	14.624285	10.475334	13.847822	12.777868	13.369553	12.731911	13.962936	12.9991865	14.852251	12.859325	13.265674	12.28494	14.319736	13.015304	13.493422	14.970671	13.792492	16.817123	12.998028	11.57609	12.058265	13.75712	15.621141	13.967221	13.672639	12.698168	13.951098	13.133297	13.094585	13.069647	11.6498995	13.914283	13.307201	13.8666	13.9782095	11.924696	12.007019	14.864428	13.047833	11.967991	11.027071	12.643104	11.97715	12.89695	13.157102	13.543727	15.118888	13.896238	13.252593	12.074669	12.33447	14.84286	14.236054	14.107352	12.397607	13.417399	10.974337	12.068715	12.900997	13.106546	10.116579
DIS CC	NTVNUDMNFe_dw	19	4.506612679395	5.981344	5.3298655	6.546483	5.21381	7.655046	6.039394	5.6870546	6.617811	5.3886123	5.4894867	5.9099464	6.027946	5.219947	5.808719	5.936206	6.2865734	6.6270704	5.56369	6.2302294	5.670884	6.4746747	5.329677	5.9016075	5.6707716	7.3032618	5.548703	6.4276533	5.885215	5.253928	6.0066957	5.7815742	5.5642576	5.2276506	5.2865925	5.353901	6.493363	5.846509	6.0961113	6.460758	5.372205	7.263635	4.4872637	6.2082043	6.2898197	7.139445	6.2032065	6.0567107	5.6440015	6.3238845	5.350079	6.5885983	6.1467295	5.682333	4.5990734	6.0882864	8.251016	7.387722	7.767152	5.669163	6.1371202	5.6751504	6.9463167	6.346676	5.8509293	6.009145	5.6536345	6.0961113	5.6242237	5.408134	6.488612	5.0064573	6.6141415	5.9931817	6.3525386	5.8469815	6.280758	5.5279384	5.557477	6.1744123	5.8257685	5.4706225	5.2409573	5.6631975	5.513641	6.598096	5.3833785	6.245845	6.7205434	5.4702024	6.421436	6.2412667	6.8679323	5.072916	6.3321476	5.455511	6.4108553	5.075675	5.2224483	6.658053	5.947504	5.02627
DIS CC	NTVNUDMNFe_dw	20	21.55520066196	20.78579	19.662807	20.881718	21.030107	18.416925	20.034891	19.371212	22.98297	19.595865	21.282207	23.345524	20.611172	22.587288	23.14785	20.396233	21.091724	20.203133	20.499378	20.305676	18.944134	22.939585	21.148855	20.506653	20.900206	20.803223	17.535177	19.950571	21.169992	20.055536	21.082653	19.56317	22.494123	18.46253	18.002344	21.95829	20.117226	21.667984	20.069918	19.470175	22.26875	20.635464	18.675735	25.122923	22.314215	18.152834	21.892551	20.696917	21.39642	20.689627	20.12269	19.939112	21.249071	20.740555	20.109383	22.313456	20.716959	20.704231	24.810272	21.880238	22.249527	20.626814	21.418747	21.651546	22.966288	22.12344	20.994303	20.069918	22.402271	17.962196	20.220552	20.663635	21.570126	19.60705	21.6461	19.674719	18.721233	21.843588	22.302214	19.472818	19.289282	20.276651	20.070408	18.433958	21.877033	20.240664	21.532684	23.188356	18.238077	22.167501	20.540766	19.521427	21.142128	21.504814	19.612267	22.873194	21.19017	19.588022	19.669508	21.1437	22.442047	19.128778
DIS CC	NTVNUDMNFe_dw	21	20.25222158144	19.723164	20.005486	19.946878	19.908325	17.544752	19.236122	19.439955	21.296692	18.342033	19.51607	21.730326	18.821299	20.577263	21.663351	17.60334	20.65475	19.110825	18.598156	17.09827	18.839758	22.40151	18.910517	18.626957	21.128855	17.401676	17.779936	21.149277	19.02671	18.161371	20.347208	19.69503	20.922194	17.732912	18.118507	20.741753	20.114027	21.092415	18.11652	18.029457	20.431265	21.618227	17.97276	23.989687	19.725262	17.214153	20.878042	19.83639	20.977005	20.036674	18.842093	19.778545	19.848804	20.322012	19.052242	22.059921	20.483053	19.369318	24.736181	19.582264	18.917625	18.099451	20.56812	20.18048	21.236082	21.601873	20.020372	18.11652	21.168848	18.003807	19.23323	19.35396	20.761837	20.276155	21.547533	19.86568	16.782757	20.445854	20.453762	20.226418	18.144394	18.664778	19.29403	18.2781	19.409777	19.9595	19.087996	22.141851	17.370476	22.049728	19.931662	18.639242	20.374895	18.74517	19.495102	19.997448	18.055473	18.833138	19.730125	21.448101	21.281332	18.339176
DIS CC	NTVNUDMNFe_dw	22	17.8813439871	16.277075	16.344467	16.376984	16.317703	15.171647	15.248948	16.201912	17.52502	15.177747	16.16227	17.65704	15.850411	16.255264	17.782862	13.358243	17.452747	16.081902	15.509435	14.982494	15.10495	17.796583	14.572543	14.203084	16.847462	15.810186	15.14979	18.852215	15.30433	15.276417	16.786186	17.399746	16.176746	14.007401	15.048069	16.384157	16.943905	17.03683	15.542717	15.5013	15.643033	18.343233	14.544201	18.940826	16.125105	14.94784	16.683493	17.690702	16.976673	17.864662	15.725884	16.66753	15.731324	17.062496	15.775322	17.849846	17.260967	16.125637	20.859282	15.65734	14.414881	14.850373	16.789337	18.032017	17.57405	17.721478	16.290197	15.542717	16.845764	15.477031	16.042114	15.049821	16.872715	17.2381	17.88554	16.9547	14.167621	16.108421	17.643223	16.850044	14.989683	14.584368	15.874894	15.076411	15.623831	16.405577	16.066505	18.632914	16.705194	17.823578	15.760563	15.287414	17.662153	16.615036	16.639517	15.8749695	15.084566	14.990507	15.513623	17.489721	16.912851	14.06666
DIS CC	NTVNUDMNFe_dw	23	11.3337020057	12.511687	11.76375	12.681875	13.103606	12.97477	11.10331	12.675972	13.443089	12.326422	12.575454	13.597072	12.431113	11.73386	12.982231	10.268834	13.341202	12.72494	12.074998	12.145971	10.825648	12.972391	11.654732	10.242215	11.242552	14.709349	11.512365	14.125383	11.841608	11.792069	12.887206	14.235802	11.15687	10.078057	11.4208355	11.478148	13.722031	12.022709	13.1125765	12.132469	11.533521	14.179527	10.144809	13.290817	12.268871	12.717478	12.102572	13.530072	12.468512	14.310215	12.296794	12.785421	11.675866	13.621541	12.416038	13.062717	14.296735	13.245714	16.119762	12.291222	11.102161	11.597527	13.132107	14.9759865	13.487942	13.229008	12.166531	13.1125765	12.592972	12.496026	12.588729	11.315079	13.344917	12.8297825	13.371513	13.364081	11.479685	11.662609	14.220249	12.58441	11.489472	10.643302	12.281113	11.524273	12.349914	12.629227	12.981087	14.613894	13.476356	12.737637	11.606882	11.937586	14.181192	13.724129	13.509775	11.837461	12.649623	10.703454	11.437629	12.489986	12.590694	9.648411
DIS CC	NTVNUDMNFe_dw	24	4.122349578173	5.46559	4.8160357	5.8909397	4.8560505	6.8104906	5.4825935	5.1936564	6.0066543	4.9910507	4.952599	5.388883	5.470882	4.8150296	5.135733	5.32866	5.62813	5.957384	5.1587996	5.576252	5.187013	5.8987856	4.9796777	5.1872883	5.1220665	6.5614753	5.1225977	5.9022074	5.348396	4.903184	5.627442	5.36079	5.12005	4.663775	4.8022914	4.8095145	6.15922	5.3477716	5.456442	5.7787447	5.135903	6.818817	4.1127954	5.5479927	5.753727	6.318302	5.5250854	5.638516	5.25996	5.9515457	4.9511466	6.173233	5.4106483	5.1142597	4.400691	5.6352134	7.471153	6.760544	7.047214	5.1822767	5.6223865	5.1751337	6.205922	5.940135	5.439371	5.4118214	4.8397927	5.456442	5.110276	4.963849	5.9532766	4.6589823	6.097768	5.5044026	5.9872274	5.200988	5.697169	5.2718267	5.1202254	5.6246457	5.279992	4.931889	4.8507524	5.2708426	5.0059714	6.08467	4.881087	5.756788	6.2998104	5.061387	5.8655314	5.8779163	6.5014772	4.6201897	5.7332726	5.0167174	5.6817927	4.8472056	4.7678256	6.0377603	5.4465523	4.4503903
DIS CC	NTVNUDMNFe_dw	25	21.07832183991	21.15062	20.01653	20.966532	21.62439	18.656408	20.276775	19.763252	22.864193	20.15007	21.24633	23.836552	21.07077	22.747776	23.464378	20.612555	21.429302	20.891098	21.173897	20.575245	19.353043	23.181684	21.666569	21.091873	21.196472	21.33813	18.229666	20.41795	21.548477	20.582619	21.729097	20.002987	22.773516	18.818401	18.291597	22.138313	20.49712	22.071613	20.57024	19.903078	22.724949	20.908989	19.201366	25.214607	22.312023	18.476868	21.719475	21.428768	21.539948	21.298183	20.359615	20.324043	21.551224	20.783163	20.282246	22.692547	21.081966	21.14793	24.891556	21.962627	22.267561	21.15274	21.597345	22.347965	23.418324	22.675465	20.889866	20.57024	22.713299	18.487612	20.527027	21.033848	21.759651	20.062355	21.776543	20.090073	19.72321	22.198198	22.462744	19.806404	20.018257	20.75647	20.767307	18.573864	22.1979	20.595749	21.979055	23.42809	19.223768	22.182829	20.90311	19.988613	21.502285	21.931026	20.195442	23.253662	21.860268	20.211828	19.86914	21.467327	22.48833	19.436855
DIS CC	NTVNUDMNFe_dw	26	17.16860282583	19.378883	19.652317	19.460373	19.670761	17.184223	18.910057	19.131012	20.746056	18.170233	19.032396	21.47148	18.562168	20.131546	21.152992	17.316113	20.351034	18.810024	18.34174	16.662231	18.508995	21.98066	18.802101	18.380629	20.72834	17.054913	17.459614	20.657299	18.734379	17.89002	20.03705	19.271614	20.53128	17.432112	17.736317	20.261965	19.847752	20.741808	17.902266	17.830002	20.093475	20.96767	17.525158	23.59993	19.393047	16.959156	20.327333	19.475323	20.548714	19.673193	18.455221	19.374428	19.52396	19.990524	18.95879	21.764336	20.178415	19.159508	24.388584	19.202742	18.516388	17.903795	20.197363	19.857956	20.813374	21.238464	19.528053	17.902266	20.840237	17.677803	18.955685	19.048582	20.336735	19.910322	21.123486	19.504028	16.489483	20.142952	20.088934	19.82066	17.889915	18.36908	18.943657	17.93504	19.132366	19.628044	18.768654	21.747803	17.00489	21.552082	19.68869	18.431515	19.997189	18.521244	19.089542	19.666656	17.737373	18.519985	19.465576	21.044466	20.75557	17.996582
DIS CC	NTVNUDMNFe_dw	27	14.85447712254	15.819768	15.914862	15.839049	15.923963	14.681043	14.8306	15.758465	16.88164	14.839435	15.6124935	17.229301	15.407583	15.719974	17.19981	12.955049	17.013233	15.665101	15.101017	14.424589	14.687579	17.324173	14.286792	13.834556	16.367966	15.2536545	14.749011	18.32951	14.916889	14.857068	16.362518	16.875832	15.710775	13.619406	14.590732	15.865993	16.51804	16.596098	15.025055	15.092907	15.229877	17.757769	14.072765	18.47031	15.663008	14.544087	16.14672	17.201279	16.502153	17.369305	15.2407675	16.20028	15.277958	16.57262	15.431069	17.443455	16.817127	15.74354	20.383358	15.1772995	13.988044	14.471538	16.3276	17.52858	17.089523	17.256676	15.821998	15.025055	16.384285	15.008001	15.6241665	14.626596	16.379795	16.768505	17.38631	16.494799	13.765885	15.699473	17.110188	16.370583	14.616086	14.199569	15.431057	14.630845	15.1951885	15.968588	15.599365	18.091824	16.164444	17.288555	15.399907	14.944844	17.117363	16.188152	16.121933	15.385712	14.621409	14.601922	15.072769	17.023052	16.451742	13.628113
DIS CC	NTVNUDMNFe_dw	28	11.60107038033	12.013148	11.296238	12.116995	12.598205	12.364241	10.643615	12.142292	12.882442	11.8276825	11.972226	13.093669	11.975288	11.209738	12.402239	9.74023	12.802027	12.182301	11.63373	11.588869	10.406359	12.475283	11.144075	9.747113	10.84593	14.010698	11.048395	13.667219	11.36421	11.36299	12.458015	13.693354	10.737726	9.659353	10.934702	10.986773	13.134079	11.57146	12.465391	11.687439	11.129802	13.728848	9.758467	12.750071	11.775581	12.151339	11.544661	13.060104	11.97525	13.801453	11.794325	12.319588	11.136881	13.029579	11.893901	12.611429	13.72642	12.740968	15.499308	11.717457	10.659549	11.13819	12.584293	14.413763	13.011334	12.768633	11.653222	12.465391	12.085599	11.983812	12.115908	10.929222	12.836749	12.349324	12.8927355	12.8132515	11.036625	11.272248	13.660988	12.114925	11.020109	10.227525	11.868404	11.080917	11.851521	12.144897	12.463938	14.122455	13.024229	12.2468	11.139421	11.532366	13.626511	13.229201	12.977489	11.327481	12.037183	10.355053	10.904123	12.046383	12.096458	9.188408
DIS CC	NTVNUDMNFe_dw	29	4.209813497474	5.1208453	4.4743986	5.4748025	4.574841	6.287899	5.122696	4.861757	5.6175194	4.7009	4.5985365	5.016559	5.105023	4.528181	4.7246714	4.959687	5.2160144	5.5264745	4.876569	5.1706944	4.8690825	5.5134497	4.721285	4.7648764	4.7763596	6.1034484	4.828995	5.5405617	4.9964323	4.649663	5.348948	5.0423985	4.826659	4.311925	4.4770365	4.467162	5.905617	5.0186253	5.0380015	5.3477926	4.9210324	6.504037	3.8575106	5.132681	5.4133387	5.8211308	5.10224	5.352053	4.9718804	5.673023	4.6627645	5.8821125	4.953818	4.7413206	4.2269816	5.3187966	6.975445	6.347801	6.5852017	4.8564367	5.2749586	4.8456197	5.7321973	5.6304255	5.1443076	5.008097	4.3428345	5.0380015	4.775356	4.650361	5.5987215	4.4039745	5.742309	5.178805	5.7148967	4.8001146	5.3158007	5.0750427	4.8091507	5.262049	4.92623	4.583961	4.5724535	4.999338	4.6529455	5.7325335	4.5289288	5.413446	6.0025554	4.7732067	5.50236	5.605988	6.2155585	4.3001986	5.3348346	4.723935	5.2204514	4.6615067	4.459801	5.6412196	5.11231	4.0926113
DIS CC	NTVNUDMNFe_dw	30	22.17379466749	21.787563	20.560287	22.276142	21.668808	19.513552	21.120802	20.17067	24.767578	20.235449	22.913725	24.27621	21.55003	23.99394	24.388203	21.61905	22.123768	20.737173	21.132849	21.78701	19.756502	24.107094	21.91854	21.166632	21.940916	21.754192	17.905638	20.727375	22.233982	20.865957	21.690083	20.346718	23.664146	19.341656	18.92034	23.259615	21.008009	22.631456	20.90299	20.32921	23.173546	21.68242	19.38556	26.65477	24.01135	19.103678	23.710941	21.216581	22.675152	21.391376	21.307198	20.877312	22.3534	22.068235	21.295311	23.315016	21.663649	21.528194	26.253353	23.364819	23.84615	21.448969	22.65778	22.408916	24.000069	22.88415	22.70498	20.90299	23.502893	18.573988	21.240385	21.615852	22.814093	20.362934	22.980347	20.488447	18.88007	22.896656	23.782192	20.36036	19.76712	21.094255	20.518745	19.5569	23.016731	21.186201	22.533962	24.389732	18.518188	23.654337	21.450886	20.276276	22.23522	22.6195	20.171299	24.013487	21.9867	20.168243	20.732346	22.141748	23.959671	20.07396
DIS CC	NTVNUDMNFe_dw	31	22.90776787991	21.025414	21.27922	21.48741	21.048721	18.852459	20.49118	20.662884	22.976109	19.356567	21.059414	22.937382	19.987656	22.067749	23.255041	18.80906	21.880745	20.33269	19.751692	18.522755	20.081429	23.854069	19.856987	19.760658	22.49504	18.745228	18.975307	22.656265	20.246214	19.334488	21.600035	21.11867	22.32431	18.919647	19.421875	22.282227	21.27769	22.4054	19.206772	19.085796	21.754436	23.432573	19.395275	25.412642	21.02613	18.339075	22.532734	21.168945	22.408424	21.362612	20.21259	21.159029	21.123735	21.61588	19.939941	23.298561	21.729454	20.463264	26.102028	20.97513	20.359644	19.159424	21.923824	21.449585	22.692364	22.960093	21.569841	19.206772	22.480335	19.240948	20.429245	20.604418	22.217638	21.579483	22.98391	21.188013	17.970524	21.701046	21.811302	21.598724	19.266085	19.877695	20.612488	19.543724	20.63336	21.219587	20.372177	23.592873	18.632824	23.615889	21.073172	19.704388	21.727072	19.864891	20.89225	21.31872	19.32718	20.057182	20.8815	22.837202	22.904934	19.599827
DIS CC	NTVNUDMNFe_dw	32	16.45607004656	17.273655	17.288921	17.52	17.214079	16.233688	16.181137	17.17273	18.853695	15.973856	17.30862	18.606434	16.8227	17.378853	18.978397	14.270945	18.407051	17.010555	16.420536	16.143818	16.029604	18.829027	15.28841	15.050914	17.864906	16.983217	16.038858	19.947779	16.187038	16.195084	17.732206	18.513235	17.187	14.879935	16.043106	17.4779	17.892616	17.985683	16.6413	16.401146	16.587067	19.5789	15.55271	19.947454	17.122026	15.850781	17.813608	18.714085	18.008461	18.91481	16.77034	17.68866	16.720863	18.109436	16.560524	18.75861	18.259304	17.008282	21.88844	16.702063	15.383303	15.710197	17.810112	19.103724	18.627369	18.732544	17.29523	16.6413	17.845413	16.496136	16.972525	15.995261	17.950998	18.246735	18.953857	17.946129	15.073085	17.023508	18.76651	17.87842	15.841877	15.457445	16.847647	16.053993	16.580227	17.382298	17.077559	19.780857	17.820576	18.953629	16.593483	16.104351	18.810705	17.543808	17.748657	16.915623	16.098322	15.872677	16.47604	18.501461	17.919765	15.020674
DIS CC	NTVNUDMNFe_dw	33	12.03906936429	13.307032	12.516808	13.589036	13.882789	13.955629	11.865281	13.528654	14.342731	13.109663	13.545027	14.377835	13.150317	12.598871	13.915045	11.159444	14.193042	13.596146	12.77349	13.049701	11.520822	13.76671	12.47438	11.074073	11.900052	15.795936	12.268551	14.827588	12.604759	12.472379	13.557477	15.065367	11.850362	10.771664	12.20973	12.281742	14.66311	12.754537	14.147451	12.83399	12.189366	14.879112	10.783987	14.155707	13.063719	13.617156	13.016381	14.261331	13.265265	15.097526	13.093364	13.536168	12.556862	14.546295	13.234888	13.772143	15.197276	14.051749	17.082716	13.216356	11.826883	12.333075	14.004132	15.838288	14.230262	13.937527	12.974282	14.147451	13.39704	13.302422	13.343905	11.92559	14.145557	13.594378	14.132805	14.212577	12.191867	12.292991	15.080065	13.3336315	12.247405	11.325496	12.915755	12.244356	13.133405	13.409137	13.782176	15.352543	14.189672	13.523212	12.376876	12.587453	15.058882	14.466309	14.336684	12.666763	13.630413	11.27471	12.314494	13.206817	13.378941	10.42939
DIS CC	NTVNUDMNFe_dw	34	4.396157575171	5.954442	5.3274755	6.4954433	5.2675676	7.5750456	5.9948235	5.6758604	6.558366	5.3759413	5.469645	5.9089556	5.9931602	5.2557306	5.7764893	5.8863783	6.227598	6.6118965	5.5431733	6.1699166	5.623864	6.430604	5.3088474	5.83852	5.609707	7.2309113	5.52687	6.39727	5.8679104	5.250375	5.9728355	5.820151	5.517905	5.193816	5.2724495	5.3103676	6.481203	5.813944	6.081483	6.411811	5.3856225	7.1946163	4.4849424	6.1649714	6.2501245	7.0686765	6.149613	6.018022	5.646231	6.298743	5.3857274	6.537758	6.095979	5.6760674	4.6023846	6.0579576	8.158233	7.342556	7.728442	5.6412163	6.1106954	5.667821	6.898202	6.358324	5.834071	5.9961433	5.6215487	6.081483	5.5997577	5.39242	6.4381666	5.029915	6.561651	5.945399	6.3069453	5.8091335	6.2317076	5.506382	5.598463	6.1339664	5.780362	5.450014	5.239809	5.628537	5.515816	6.5430555	5.424655	6.218443	6.6648407	5.4626904	6.3729634	6.2366056	6.8372903	5.091233	6.2909584	5.4458847	6.3660994	5.0619516	5.2413487	6.5912385	5.9001884	4.995799
DIS CC	NTVNUDMNFe_dw	35	23.04488211576	25.481213	24.161825	25.440487	25.758488	22.915047	24.553268	23.860317	27.605333	24.27489	25.896866	28.25844	25.476852	27.346458	28.019463	24.966389	25.750668	25.016832	25.431286	25.319275	23.511044	27.566568	25.925526	25.255733	25.494183	25.816729	22.155382	24.565548	25.936703	24.845005	25.939201	24.16844	27.240498	22.963991	22.35717	26.668083	24.678226	26.410686	24.824013	24.119732	27.079586	25.24522	23.368202	29.879168	27.046883	22.648407	26.462736	25.625565	25.915813	25.555628	24.773247	24.616276	25.94437	25.123554	24.600836	27.07745	25.33516	25.304388	29.519192	26.588352	26.93341	25.426666	25.974699	26.749056	27.882294	26.994661	25.589169	24.824013	27.131683	22.544134	24.802414	25.328125	26.194365	24.192766	26.247902	24.269604	23.762432	26.615828	27.122974	23.939144	24.12173	24.988842	24.815956	22.768253	26.648365	24.813198	26.409454	27.922333	23.322865	26.73809	25.189613	24.140837	25.907263	26.448055	24.215755	27.802063	26.301994	24.332722	24.051867	25.75986	27.089947	23.602615
DIS CC	NTVNUDMNFe_dw	36	21.60461201729	21.636314	21.888159	21.822721	21.86492	19.398565	21.141006	21.346752	23.250359	20.282417	21.398441	23.728382	20.75921	22.487068	23.57561	19.506275	22.573635	21.029491	20.523384	18.936111	20.70829	24.350245	20.912994	20.571022	23.011827	19.329924	19.612846	22.99942	20.935871	20.048952	22.285435	21.584003	22.868357	19.594738	19.958765	22.650623	22.030659	22.99382	20.053762	19.937046	22.391232	23.48582	19.801647	25.966776	21.640804	19.079075	22.77003	21.723011	22.88456	21.922476	20.725904	21.665398	21.77834	22.256647	20.994991	24.016552	22.428043	21.317913	26.750034	21.526833	20.860823	20.03524	22.508656	22.09358	23.191301	23.55454	21.895977	20.053762	23.13237	19.879045	21.162111	21.293758	22.69998	22.16127	23.457514	21.762774	18.643452	22.389421	22.38277	22.091259	20.038536	20.57019	21.208025	20.145933	21.375423	21.868969	21.012405	24.13738	19.159378	23.976873	21.889559	20.575584	22.26291	20.671093	21.390892	21.933361	19.969475	20.730495	21.643799	23.355148	23.177708	20.211176
DIS CC	NTVNUDMNFe_dw	37	15.54136157247	17.011501	17.090128	17.093157	17.074066	15.893959	15.998109	16.951792	18.257555	15.929917	16.874275	18.412828	16.577934	16.979517	18.506931	14.108892	18.195366	16.836113	16.242634	15.681116	15.836147	18.554874	15.349704	14.972715	17.576475	16.518856	15.884092	19.5612	16.04639	15.980402	17.533955	18.118084	16.915657	14.738721	15.782597	17.10012	17.703358	17.763523	16.266888	16.20422	16.399523	19.057535	15.252556	19.699879	16.847755	15.679726	17.41755	18.369143	17.726976	18.577137	16.43434	17.406496	16.476715	17.799162	16.5068	18.602283	18.028276	16.892162	21.63628	16.395819	15.159637	15.585972	17.550089	18.760096	18.32694	18.458752	17.013563	16.266888	17.582485	16.193783	16.779362	15.790391	17.626045	17.970224	18.62173	17.67434	14.894294	16.84217	18.357065	17.580687	15.735578	15.3249445	16.5952	15.803418	16.367481	17.165255	16.784418	19.348091	17.384613	18.558128	16.528744	16.04689	18.380333	17.318924	17.364178	16.589611	15.8201	15.731035	16.258144	18.229156	17.659506	14.803175
DIS CC	NTVNUDMNFe_dw	38	10.01235784283	12.656119	11.920814	12.811131	13.225602	13.109376	11.2789	12.817575	13.581942	12.451723	12.700817	13.726782	12.576557	11.890497	13.130908	10.439251	13.481037	12.87927	12.223784	12.291868	10.997922	13.121475	11.784517	10.427837	11.430374	14.793682	11.674722	14.266469	11.9904175	11.938289	13.033452	14.34642	11.334728	10.254037	11.573531	11.632314	13.853336	12.196419	13.224223	12.287413	11.686667	14.314968	10.320639	13.44813	12.426287	12.858968	12.261613	13.669813	12.615641	14.4335985	12.427553	12.937265	11.832476	13.738802	12.531742	13.209694	14.426247	13.397363	16.245708	12.417838	11.259655	11.752874	13.270943	15.087481	13.624954	13.366861	12.31135	13.224223	12.732308	12.612399	12.738906	11.473259	13.475572	12.980558	13.516473	13.479537	11.639357	11.823148	14.325914	12.741718	11.648821	10.817913	12.425753	11.680771	12.48435	12.77665	13.108078	14.724058	13.632974	12.87953	11.781587	12.091991	14.302576	13.8288555	13.631875	11.988691	12.773663	10.879429	11.584462	12.655516	12.740334	9.836348
DIS CC	NTVNUDMNFe_dw	39	4.290507875066	5.3822103	4.756691	5.789701	4.814623	6.6816945	5.3906136	5.119891	5.904622	4.906441	4.8758554	5.2932706	5.378164	4.7887974	5.0661254	5.253211	5.522229	5.886738	5.0839696	5.4780855	5.0973206	5.7917066	4.8913517	5.1083856	5.030657	6.455837	5.049936	5.807387	5.27806	4.847615	5.5238643	5.298894	5.0315514	4.597621	4.730266	4.728942	6.076865	5.271057	5.3805313	5.6886973	5.0573616	6.685788	4.07191	5.4573193	5.686644	6.2150974	5.4290943	5.556224	5.190127	5.855804	4.917314	6.0700974	5.312271	5.047597	4.339885	5.541053	7.317705	6.655444	6.9486785	5.095557	5.538789	5.125225	6.0926185	5.861285	5.3557577	5.3236456	4.7611027	5.3805313	5.041168	4.8748517	5.8551707	4.6240764	5.973811	5.4042826	5.8743	5.124891	5.594166	5.2057056	5.0849504	5.5290155	5.1841726	4.8664474	4.7912507	5.187441	4.9262056	5.962599	4.8386345	5.6513457	6.186685	4.9938097	5.77548	5.8119526	6.3912563	4.5641356	5.6230516	4.9648447	5.575429	4.7790003	4.736639	5.9261913	5.3404946	4.390275
DIS CC	NTVNUDMNFe_dw	40	22.01707916891	25.409657	24.11008	25.136929	25.890556	22.737328	24.385855	23.831478	27.12019	24.353125	25.46983	28.301882	25.472628	27.099018	27.901815	24.760721	25.669962	25.197952	25.590487	25.12479	23.496223	27.409286	25.978437	25.3565	25.406586	25.818619	22.35239	24.588818	25.86734	24.882957	26.10652	24.156832	27.100365	22.892673	22.23167	26.43808	24.656393	26.396355	24.858759	24.095697	27.079334	25.108135	23.415068	29.607944	26.65626	22.536419	25.944866	25.832903	25.674747	25.661972	24.583788	24.564451	25.823025	24.79921	24.392307	27.050337	25.286919	25.319195	29.21974	26.263046	26.53573	25.460407	25.753736	26.940617	27.862936	27.084087	25.127544	24.858759	27.032724	22.603504	24.68994	25.281319	25.990192	24.219154	26.005335	24.243961	24.179691	26.550114	26.876036	23.87466	24.33923	25.009165	25.021202	22.520866	26.522957	24.751133	26.382603	27.75408	23.734089	26.396929	25.12893	24.145472	25.837242	26.391481	24.330751	27.73047	26.43371	24.481504	23.890785	25.676128	26.755795	23.495611
DIS CC	NTVNUDMNFe_dw	41	18.36848260771	21.058462	21.310755	21.118824	21.3736	18.81654	20.577484	20.80142	22.467379	19.857887	20.695415	23.212656	20.256857	21.805752	22.844461	18.96195	22.040054	20.494255	20.026009	18.288925	20.148846	23.69364	20.526127	20.0644	22.384937	18.746445	19.079105	22.320568	20.403223	19.545162	21.736948	20.947977	22.233345	19.059803	19.35833	21.94484	21.526833	22.414677	19.583324	19.498718	21.798687	22.644844	19.14145	25.33613	21.070843	18.595055	22.004656	21.152065	22.230381	21.349348	20.115608	21.044668	21.209183	21.685413	20.644388	23.481577	21.88503	20.852497	26.167736	20.903486	20.210196	19.58651	21.90091	21.54991	22.534958	22.957636	21.19165	19.583324	22.553345	19.32933	20.642214	20.732265	22.038761	21.578747	22.813818	21.182222	18.122288	21.839924	21.786964	21.469112	19.549631	20.02972	20.620419	19.574867	20.842094	21.304699	20.453108	23.501364	18.6067	23.257198	21.395258	20.124218	21.667303	20.207577	20.758564	21.351936	19.41107	20.182493	21.129852	22.730614	22.433884	19.62902
DIS CC	NTVNUDMNFe_dw	42	14.5158198887	16.424911	16.523266	16.43317	16.545353	15.283562	15.443918	16.374725	17.495815	15.455967	16.203468	17.84554	16.009823	16.317577	17.796272	13.574006	17.618515	16.284761	15.706473	15.012515	15.287063	17.94215	14.918692	14.462189	16.962896	15.855967	15.352146	18.913906	15.526194	15.440205	16.97744	17.474754	16.316107	14.220082	15.197819	16.454441	17.139767	17.18708	15.6282425	15.674013	15.851363	18.356028	14.660525	19.080894	16.259462	15.150019	16.749887	17.76304	17.116821	17.959244	15.829851	16.810528	15.887238	17.179686	16.026207	18.053247	17.448223	16.3738	21.009808	15.787225	14.60626	15.078095	16.952427	18.132092	17.711472	17.86032	16.416042	15.6282425	16.988632	15.603662	16.232233	15.241151	17.003887	17.368633	17.990587	17.087357	14.370332	16.301517	17.704235	16.971458	15.2271385	14.807598	16.030497	15.233335	15.808911	16.5919	16.195852	18.686123	16.735672	17.891678	16.023808	15.568104	17.713219	16.772118	16.726486	15.975492	15.231327	15.211078	15.681143	17.626255	17.063831	14.231848
DIS CC	NTVNUDMNFe_dw	43	11.68931397857	12.093175	11.382109	12.188505	12.661512	12.447965	10.754766	12.2218	12.956093	11.896633	12.038338	13.157032	12.055528	11.301248	12.47676	9.858031	12.8699875	12.270397	11.718301	11.675735	10.51221	12.555056	11.224787	9.866988	10.950408	14.047002	11.145277	13.7267475	11.452408	11.443729	12.538362	13.742303	10.843761	9.770138	11.026359	11.0711355	13.20882	11.667466	12.526046	11.770958	11.225799	13.797257	9.863757	12.827665	11.864737	12.235412	11.636175	13.119364	12.055673	13.8572855	11.865762	12.406223	11.230517	13.084581	11.95093	12.686251	13.799694	12.832703	15.548805	11.790558	10.76287	11.229268	12.6619835	14.463617	13.078613	12.835411	11.727652	12.526046	12.156925	12.045908	12.199721	11.0225725	12.909121	12.427603	12.970162	12.862454	11.137797	11.364666	13.703093	12.202576	11.115694	10.336054	11.943976	11.176281	11.927795	12.232433	12.528572	14.163269	13.10941	12.317318	11.24669	11.628914	13.691145	13.26535	13.038866	11.414142	12.109975	10.463872	10.99291	12.137074	12.179291	9.310386
DIS CC	NTVNUDMNFe_dw	44	3.957547719939	5.0148964	4.3936925	5.354189	4.4982996	6.1403236	5.0122957	4.764041	5.4966154	4.5893497	4.5005736	4.8887615	4.9905767	4.4771647	4.6402483	4.872103	5.0926085	5.4338617	4.778563	5.056962	4.761674	5.382493	4.6071687	4.6779375	4.671339	5.981064	4.734338	5.419483	4.90467	4.5707464	5.218359	4.944753	4.720653	4.2320104	4.3834743	4.37176	5.793515	4.922576	4.938576	5.2403393	4.808318	6.344309	3.7988653	5.024059	5.3293858	5.702908	4.990098	5.2487903	4.8734255	5.548371	4.601041	5.7554393	4.838734	4.6512537	4.1396	5.199539	6.7989807	6.217855	6.460454	4.747362	5.1683607	4.7755537	5.5962987	5.5164633	5.0344124	4.893307	4.2485604	4.938576	4.686874	4.534895	5.479606	4.3437223	5.5917683	5.057973	5.5744467	4.7081127	5.1921806	4.9862537	4.7438855	5.14487	4.811139	4.500545	4.4888353	4.894818	4.545201	5.585337	4.456406	5.279459	5.8645515	4.681304	5.392544	5.5118203	6.072454	4.2166853	5.199836	4.6521034	5.093151	4.5698204	4.406256	5.5113125	4.984422	4.0196457
